label,text
1,환자가 대마초를 과다 복용하여 심한 두근거림과 호흡 곤란을 느끼는 상황 상태에서 물질오용/중독 상황이 중증 호흡곤란로 이어짐
1,알코올 과다 섭취로 인해 의식이 저하되고 구토가 지속되는 상황 상태에서 물질오용/중독 상황이 쇼크로 이어짐
1,코카인 사용 후 극심한 흥분 상태와 혈압 상승이 발생한 상황 상태에서 물질오용/중독 상황이 무의식(GCS 3-8)로 이어짐
2,진통제 남용으로 인해 소화불량과 졸음이 동반되는 상황 상태에서 물질오용/중독 상황이 중등도 호흡곤란로 이어짐
2,각성제 과다 사용으로 불면증과 심장 두근거림이 지속되는 상황 상태에서 물질오용/중독 상황이 혈역학적 장애로 이어짐
2,환자가 대마초를 과다 복용하여 심한 두근거림과 호흡 곤란을 느끼는 상황 상태에서 물질오용/중독 상황이 의식변화(GCS 9-13)로 이어짐
2,"알코올 과다 섭취로 인해 의식이 저하되고 구토가 지속되는 상황 상태에서 물질오용/중독 상황이 열,면역억제 상태로 이어짐"
2,코카인 사용 후 극심한 흥분 상태와 혈압 상승이 발생한 상황 상태에서 물질오용/중독 상황이 패혈증 의증(3 SIRS 기준만족)로 이어짐
3,진통제 남용으로 인해 소화불량과 졸음이 동반되는 상황 상태에서 물질오용/중독 상황이 경증 호흡곤란로 이어짐
3,각성제 과다 사용으로 불면증과 심장 두근거림이 지속되는 상황 상태에서 물질오용/중독 상황이 비정상 맥박수/맥박압 (혈역학적으로 안정)로 이어짐
3,"환자가 대마초를 과다 복용하여 심한 두근거림과 호흡 곤란을 느끼는 상황 상태에서 물질오용/중독 상황이 열(아파보임),<3 SIRS 기준 만족로 이어짐"
4,"알코올 과다 섭취로 인해 의식이 저하되고 구토가 지속되는 상황 상태에서 물질오용/중독 상황이 열(건강해보임), 1SIRS 기준만족(열)로 이어짐"
2,코카인 사용 후 극심한 흥분 상태와 혈압 상승이 발생한 상황 상태에서 물질오용/중독 상황이 고위험 물질/알 수 없는 물질로 이어짐
2,진통제 남용으로 인해 소화불량과 졸음이 동반되는 상황 상태에서 물질오용/중독 상황이 도주의 가능성이나 안전에 대한 위험로 이어짐
4,각성제 과다 사용으로 불면증과 심장 두근거림이 지속되는 상황 상태에서 물질오용/중독 상황이 알려진 저독성 물질로 이어짐
1,환자가 대마초를 과다 복용하여 심한 두근거림과 호흡 곤란을 느끼는 상황 상태에서 과다복용 상황이 중증 호흡곤란로 이어짐
1,알코올 과다 섭취로 인해 의식이 저하되고 구토가 지속되는 상황 상태에서 과다복용 상황이 쇼크로 이어짐
1,코카인 사용 후 극심한 흥분 상태와 혈압 상승이 발생한 상황 상태에서 과다복용 상황이 무의식(GCS 3-8)로 이어짐
2,진통제 남용으로 인해 소화불량과 졸음이 동반되는 상황 상태에서 과다복용 상황이 중등도 호흡곤란로 이어짐
2,각성제 과다 사용으로 불면증과 심장 두근거림이 지속되는 상황 상태에서 과다복용 상황이 혈역학적 장애로 이어짐
2,환자가 대마초를 과다 복용하여 심한 두근거림과 호흡 곤란을 느끼는 상황 상태에서 과다복용 상황이 의식변화(GCS 9-13)로 이어짐
2,"알코올 과다 섭취로 인해 의식이 저하되고 구토가 지속되는 상황 상태에서 과다복용 상황이 열,면역억제 상태로 이어짐"
2,코카인 사용 후 극심한 흥분 상태와 혈압 상승이 발생한 상황 상태에서 과다복용 상황이 패혈증 의증(3 SIRS 기준만족)로 이어짐
3,진통제 남용으로 인해 소화불량과 졸음이 동반되는 상황 상태에서 과다복용 상황이 경증 호흡곤란로 이어짐
3,각성제 과다 사용으로 불면증과 심장 두근거림이 지속되는 상황 상태에서 과다복용 상황이 비정상 맥박수/맥박압 (혈역학적으로 안정)로 이어짐
3,"환자가 대마초를 과다 복용하여 심한 두근거림과 호흡 곤란을 느끼는 상황 상태에서 과다복용 상황이 열(아파보임),<3 SIRS 기준 만족로 이어짐"
4,"알코올 과다 섭취로 인해 의식이 저하되고 구토가 지속되는 상황 상태에서 과다복용 상황이 열(건강해보임), 1SIRS 기준만족(열)로 이어짐"
2,코카인 사용 후 극심한 흥분 상태와 혈압 상승이 발생한 상황 상태에서 과다복용 상황이 고위험 물질/알 수 없는 물질로 이어짐
2,진통제 남용으로 인해 소화불량과 졸음이 동반되는 상황 상태에서 과다복용 상황이 도주의 가능성이나 안전에 대한 위험로 이어짐
2,각성제 과다 사용으로 불면증과 심장 두근거림이 지속되는 상황 상태에서 과다복용 상황이 계획적인 자살시도로 이어짐
3,환자가 대마초를 과다 복용하여 심한 두근거림과 호흡 곤란을 느끼는 상황 상태에서 과다복용 상황이 구체적인 계획이 없는 자살관념로 이어짐
4,알코올 과다 섭취로 인해 의식이 저하되고 구토가 지속되는 상황 상태에서 과다복용 상황이 과다복용로 이어짐
1,코카인 사용 후 극심한 흥분 상태와 혈압 상승이 발생한 상황 상태에서 물질금단 상황이 중증 호흡곤란로 이어짐
1,진통제 남용으로 인해 소화불량과 졸음이 동반되는 상황 상태에서 물질금단 상황이 쇼크로 이어짐
1,각성제 과다 사용으로 불면증과 심장 두근거림이 지속되는 상황 상태에서 물질금단 상황이 무의식(GCS 3-8)로 이어짐
2,환자가 대마초를 과다 복용하여 심한 두근거림과 호흡 곤란을 느끼는 상황 상태에서 물질금단 상황이 중등도 호흡곤란로 이어짐
2,알코올 과다 섭취로 인해 의식이 저하되고 구토가 지속되는 상황 상태에서 물질금단 상황이 혈역학적 장애로 이어짐
2,코카인 사용 후 극심한 흥분 상태와 혈압 상승이 발생한 상황 상태에서 물질금단 상황이 의식변화(GCS 9-13)로 이어짐
2,"진통제 남용으로 인해 소화불량과 졸음이 동반되는 상황 상태에서 물질금단 상황이 열,면역억제 상태로 이어짐"
2,각성제 과다 사용으로 불면증과 심장 두근거림이 지속되는 상황 상태에서 물질금단 상황이 패혈증 의증(3 SIRS 기준만족)로 이어짐
3,환자가 대마초를 과다 복용하여 심한 두근거림과 호흡 곤란을 느끼는 상황 상태에서 물질금단 상황이 경증 호흡곤란로 이어짐
3,알코올 과다 섭취로 인해 의식이 저하되고 구토가 지속되는 상황 상태에서 물질금단 상황이 비정상 맥박수/맥박압 (혈역학적으로 안정)로 이어짐
3,"코카인 사용 후 극심한 흥분 상태와 혈압 상승이 발생한 상황 상태에서 물질금단 상황이 열(아파보임),<3 SIRS 기준 만족로 이어짐"
4,"진통제 남용으로 인해 소화불량과 졸음이 동반되는 상황 상태에서 물질금단 상황이 열(건강해보임), 1SIRS 기준만족(열)로 이어짐"
1,각성제 과다 사용으로 불면증과 심장 두근거림이 지속되는 상황 상태에서 물질금단 상황이 경련중로 이어짐
2,"환자가 대마초를 과다 복용하여 심한 두근거림과 호흡 곤란을 느끼는 상황 상태에서 물질금단 상황이 최근발작, 발작 후 상태, 초조로 이어짐"
2,알코올 과다 섭취로 인해 의식이 저하되고 구토가 지속되는 상황 상태에서 물질금단 상황이 도주의 가능성이나 안전에 대한 위험로 이어짐
2,코카인 사용 후 극심한 흥분 상태와 혈압 상승이 발생한 상황 상태에서 물질금단 상황이 중증 불안/초조로 이어짐
3,진통제 남용으로 인해 소화불량과 졸음이 동반되는 상황 상태에서 물질금단 상황이 중등도 불안/초조로 이어짐
4,각성제 과다 사용으로 불면증과 심장 두근거림이 지속되는 상황 상태에서 물질금단 상황이 경증 불안/초조로 이어짐
2,조울증 발작으로 인해 극심한 감정 기복과 의사소통이 어려운 상황 상태에서 불안/위기상황 상황이 중증 불안/초조로 이어짐
2,우울증이 악화되어 극심한 피로감과 식욕 저하가 나타나는 상황 상태에서 불안/위기상황 상황이 도주의 가능성이나 안전에 대한 위험로 이어짐
3,불안 장애로 인해 공황 발작과 가슴 두근거림이 발생하는 상황 상태에서 불안/위기상황 상황이 중등도 불안/초조로 이어짐
4,ADHD 증상이 심화되어 집중력 저하와 과잉 행동이 나타나는 상황 상태에서 불안/위기상황 상황이 경증 불안/초조로 이어짐
2,조현병으로 인해 환각과 망상이 발생하고 스스로 통제하기 어려운 상황 상태에서 환각/망상 상황이 중등도 호흡곤란로 이어짐
2,조울증 발작으로 인해 극심한 감정 기복과 의사소통이 어려운 상황 상태에서 환각/망상 상황이 혈역학적 장애로 이어짐
2,우울증이 악화되어 극심한 피로감과 식욕 저하가 나타나는 상황 상태에서 환각/망상 상황이 의식변화(GCS 9-13)로 이어짐
2,"불안 장애로 인해 공황 발작과 가슴 두근거림이 발생하는 상황 상태에서 환각/망상 상황이 열,면역억제 상태로 이어짐"
2,ADHD 증상이 심화되어 집중력 저하와 과잉 행동이 나타나는 상황 상태에서 환각/망상 상황이 패혈증 의증(3 SIRS 기준만족)로 이어짐
3,조현병으로 인해 환각과 망상이 발생하고 스스로 통제하기 어려운 상황 상태에서 환각/망상 상황이 경증 호흡곤란로 이어짐
3,조울증 발작으로 인해 극심한 감정 기복과 의사소통이 어려운 상황 상태에서 환각/망상 상황이 비정상 맥박수/맥박압 (혈역학적으로 안정)로 이어짐
3,"우울증이 악화되어 극심한 피로감과 식욕 저하가 나타나는 상황 상태에서 환각/망상 상황이 열(아파보임),<3 SIRS 기준 만족로 이어짐"
4,"불안 장애로 인해 공황 발작과 가슴 두근거림이 발생하는 상황 상태에서 환각/망상 상황이 열(건강해보임), 1SIRS 기준만족(열)로 이어짐"
2,"ADHD 증상이 심화되어 집중력 저하와 과잉 행동이 나타나는 상황 상태에서 환각/망상 상황이 급성 정신병, 중증 불안/초조, 도주의 가능성이나 안전에 대한 위험로 이어짐"
3,조현병으로 인해 환각과 망상이 발생하고 스스로 통제하기 어려운 상황 상태에서 환각/망상 상황이 중등도 불안/초조 또는 편집증(Paranoia)을 동반로 이어짐
4,"조울증 발작으로 인해 극심한 감정 기복과 의사소통이 어려운 상황 상태에서 환각/망상 상황이 경증의 불안/ 초조, 안정되어 있음로 이어짐"
5,우울증이 악화되어 극심한 피로감과 식욕 저하가 나타나는 상황 상태에서 환각/망상 상황이 만성적인 환각으로 인한 경증의 불안/초조로 이어짐
4,불안 장애로 인해 공황 발작과 가슴 두근거림이 발생하는 상황 상태에서 불면증 상황이 급성 불면증로 이어짐
5,ADHD 증상이 심화되어 집중력 저하와 과잉 행동이 나타나는 상황 상태에서 불면증 상황이 만성 불면증로 이어짐
1,조현병으로 인해 환각과 망상이 발생하고 스스로 통제하기 어려운 상황 상태에서 폭력/살인행위 상황이 자신 혹은 타인을 해치려는 구체적인 계획인 있거나 충동을 억제할 수 없는 상태로 이어짐
2,조울증 발작으로 인해 극심한 감정 기복과 의사소통이 어려운 상황 상태에서 폭력/살인행위 상황이 도주의 가능성이나 안전에 대한 위험로 이어짐
3,우울증이 악화되어 극심한 피로감과 식욕 저하가 나타나는 상황 상태에서 폭력/살인행위 상황이 구체적 계획이 없는 폭력적인 생각(ideation)로 이어짐
2,불안 장애로 인해 공황 발작과 가슴 두근거림이 발생하는 상황 상태에서 우울증/자살/자해 상황이 계획적인 자살시도로 이어짐
2,ADHD 증상이 심화되어 집중력 저하와 과잉 행동이 나타나는 상황 상태에서 우울증/자살/자해 상황이 뚜렷한 자살의도로 이어짐
2,조현병으로 인해 환각과 망상이 발생하고 스스로 통제하기 어려운 상황 상태에서 우울증/자살/자해 상황이 도주의 가능성이나 안전에 대한 위험로 이어짐
3,조울증 발작으로 인해 극심한 감정 기복과 의사소통이 어려운 상황 상태에서 우울증/자살/자해 상황이 구체적인 계획이 없는 자살관념로 이어짐
4,"우울증이 악화되어 극심한 피로감과 식욕 저하가 나타나는 상황 상태에서 우울증/자살/자해 상황이 우울함, 자살 생각은 없음로 이어짐"
3,"불안 장애로 인해 공황 발작과 가슴 두근거림이 발생하는 상황 상태에서 사회문제 상황이 육체적 학대, 정신적 학대, 심각한
감정적 스트레스로 이어짐"
4,ADHD 증상이 심화되어 집중력 저하와 과잉 행동이 나타나는 상황 상태에서 사회문제 상황이 대처하기 어려운 상태로 이어짐
5,"조현병으로 인해 환각과 망상이 발생하고 스스로 통제하기 어려운 상황 상태에서 사회문제 상황이 만성, 비급성 상태로 이어짐"
2,조울증 발작으로 인해 극심한 감정 기복과 의사소통이 어려운 상황 상태에서 기괴한 행동 상황이 중등도 호흡곤란로 이어짐
2,우울증이 악화되어 극심한 피로감과 식욕 저하가 나타나는 상황 상태에서 기괴한 행동 상황이 혈역학적 장애로 이어짐
2,불안 장애로 인해 공황 발작과 가슴 두근거림이 발생하는 상황 상태에서 기괴한 행동 상황이 의식변화(GCS 9-13)로 이어짐
2,"ADHD 증상이 심화되어 집중력 저하와 과잉 행동이 나타나는 상황 상태에서 기괴한 행동 상황이 열,면역억제 상태로 이어짐"
2,조현병으로 인해 환각과 망상이 발생하고 스스로 통제하기 어려운 상황 상태에서 기괴한 행동 상황이 패혈증 의증(3 SIRS 기준만족)로 이어짐
3,조울증 발작으로 인해 극심한 감정 기복과 의사소통이 어려운 상황 상태에서 기괴한 행동 상황이 경증 호흡곤란로 이어짐
3,"우울증이 악화되어 극심한 피로감과 식욕 저하가 나타나는 상황 상태에서 기괴한 행동 상황이 비정상 맥박수/맥박압 (혈역학적으로
안정)로 이어짐"
3,"불안 장애로 인해 공황 발작과 가슴 두근거림이 발생하는 상황 상태에서 기괴한 행동 상황이 열(아파보임),<3 SIRS 기준 만족로 이어짐"
4,"ADHD 증상이 심화되어 집중력 저하와 과잉 행동이 나타나는 상황 상태에서 기괴한 행동 상황이 열(건강해보임), 1SIRS 기준만족(열)로 이어짐"
1,조현병으로 인해 환각과 망상이 발생하고 스스로 통제하기 어려운 상황 상태에서 기괴한 행동 상황이 조절되지 않는 행동로 이어짐
2,조울증 발작으로 인해 극심한 감정 기복과 의사소통이 어려운 상황 상태에서 기괴한 행동 상황이 도주의 가능성이나 안전에 대한 위험로 이어짐
3,우울증이 악화되어 극심한 피로감과 식욕 저하가 나타나는 상황 상태에서 기괴한 행동 상황이 조절되는 행동로 이어짐
4,불안 장애로 인해 공황 발작과 가슴 두근거림이 발생하는 상황 상태에서 기괴한 행동 상황이 해를 끼치지 않는 행동로 이어짐
5,"ADHD 증상이 심화되어 집중력 저하와 과잉 행동이 나타나는 상황 상태에서 기괴한 행동 상황이 만성, 비급성 상태로 이어짐"
1,"조현병으로 인해 환각과 망상이 발생하고 스스로 통제하기 어려운 상황 상태에서 환자의 복지에 대한
고려 상황이 싸움 또는 안전하지 않은 상황로 이어짐"
2,"조울증 발작으로 인해 극심한 감정 기복과 의사소통이 어려운 상황 상태에서 환자의 복지에 대한
고려 상황이 도주의 가능성이나 학대가 반복될 위험로 이어짐"
3,"우울증이 악화되어 극심한 피로감과 식욕 저하가 나타나는 상황 상태에서 환자의 복지에 대한
고려 상황이 육체적 폭행 또는 성폭행로 이어짐"
4,"불안 장애로 인해 공황 발작과 가슴 두근거림이 발생하는 상황 상태에서 환자의 복지에 대한
고려 상황이 학대의 병력/징후로 이어짐"
1,신경과와 관련된 응급 상황이 준비되지 않았습니다.
1,신경과와 관련된 응급 상황이 준비되지 않았습니다.
1,신경과와 관련된 응급 상황이 준비되지 않았습니다.
2,신경과와 관련된 응급 상황이 준비되지 않았습니다.
2,신경과와 관련된 응급 상황이 준비되지 않았습니다.
2,신경과와 관련된 응급 상황이 준비되지 않았습니다.
2,신경과와 관련된 응급 상황이 준비되지 않았습니다.
2,신경과와 관련된 응급 상황이 준비되지 않았습니다.
3,신경과와 관련된 응급 상황이 준비되지 않았습니다.
3,신경과와 관련된 응급 상황이 준비되지 않았습니다.
3,신경과와 관련된 응급 상황이 준비되지 않았습니다.
2,신경과와 관련된 응급 상황이 준비되지 않았습니다.
2,신경과와 관련된 응급 상황이 준비되지 않았습니다.
2,신경과와 관련된 응급 상황이 준비되지 않았습니다.
2,신경과와 관련된 응급 상황이 준비되지 않았습니다.
2,신경과와 관련된 응급 상황이 준비되지 않았습니다.
2,신경과와 관련된 응급 상황이 준비되지 않았습니다.
2,신경과와 관련된 응급 상황이 준비되지 않았습니다.
3,신경과와 관련된 응급 상황이 준비되지 않았습니다.
3,신경과와 관련된 응급 상황이 준비되지 않았습니다.
3,신경과와 관련된 응급 상황이 준비되지 않았습니다.
4,신경과와 관련된 응급 상황이 준비되지 않았습니다.
2,신경과와 관련된 응급 상황이 준비되지 않았습니다.
2,신경과와 관련된 응급 상황이 준비되지 않았습니다.
3,신경과와 관련된 응급 상황이 준비되지 않았습니다.
4,신경과와 관련된 응급 상황이 준비되지 않았습니다.
1,신경과와 관련된 응급 상황이 준비되지 않았습니다.
1,신경과와 관련된 응급 상황이 준비되지 않았습니다.
1,신경과와 관련된 응급 상황이 준비되지 않았습니다.
2,신경과와 관련된 응급 상황이 준비되지 않았습니다.
2,신경과와 관련된 응급 상황이 준비되지 않았습니다.
2,신경과와 관련된 응급 상황이 준비되지 않았습니다.
2,신경과와 관련된 응급 상황이 준비되지 않았습니다.
2,신경과와 관련된 응급 상황이 준비되지 않았습니다.
3,신경과와 관련된 응급 상황이 준비되지 않았습니다.
3,신경과와 관련된 응급 상황이 준비되지 않았습니다.
3,신경과와 관련된 응급 상황이 준비되지 않았습니다.
2,신경과와 관련된 응급 상황이 준비되지 않았습니다.
3,신경과와 관련된 응급 상황이 준비되지 않았습니다.
1,신경과와 관련된 응급 상황이 준비되지 않았습니다.
1,신경과와 관련된 응급 상황이 준비되지 않았습니다.
1,신경과와 관련된 응급 상황이 준비되지 않았습니다.
2,신경과와 관련된 응급 상황이 준비되지 않았습니다.
2,신경과와 관련된 응급 상황이 준비되지 않았습니다.
2,신경과와 관련된 응급 상황이 준비되지 않았습니다.
2,신경과와 관련된 응급 상황이 준비되지 않았습니다.
2,신경과와 관련된 응급 상황이 준비되지 않았습니다.
3,신경과와 관련된 응급 상황이 준비되지 않았습니다.
3,신경과와 관련된 응급 상황이 준비되지 않았습니다.
3,신경과와 관련된 응급 상황이 준비되지 않았습니다.
4,신경과와 관련된 응급 상황이 준비되지 않았습니다.
2,신경과와 관련된 응급 상황이 준비되지 않았습니다.
3,신경과와 관련된 응급 상황이 준비되지 않았습니다.
3,신경과와 관련된 응급 상황이 준비되지 않았습니다.
4,신경과와 관련된 응급 상황이 준비되지 않았습니다.
4,신경과와 관련된 응급 상황이 준비되지 않았습니다.
5,신경과와 관련된 응급 상황이 준비되지 않았습니다.
2,신경과와 관련된 응급 상황이 준비되지 않았습니다.
2,신경과와 관련된 응급 상황이 준비되지 않았습니다.
5,신경과와 관련된 응급 상황이 준비되지 않았습니다.
1,신경과와 관련된 응급 상황이 준비되지 않았습니다.
1,신경과와 관련된 응급 상황이 준비되지 않았습니다.
1,신경과와 관련된 응급 상황이 준비되지 않았습니다.
2,신경과와 관련된 응급 상황이 준비되지 않았습니다.
2,신경과와 관련된 응급 상황이 준비되지 않았습니다.
2,신경과와 관련된 응급 상황이 준비되지 않았습니다.
2,신경과와 관련된 응급 상황이 준비되지 않았습니다.
2,신경과와 관련된 응급 상황이 준비되지 않았습니다.
3,신경과와 관련된 응급 상황이 준비되지 않았습니다.
3,신경과와 관련된 응급 상황이 준비되지 않았습니다.
3,신경과와 관련된 응급 상황이 준비되지 않았습니다.
2,신경과와 관련된 응급 상황이 준비되지 않았습니다.
3,신경과와 관련된 응급 상황이 준비되지 않았습니다.
1,신경과와 관련된 응급 상황이 준비되지 않았습니다.
2,신경과와 관련된 응급 상황이 준비되지 않았습니다.
3,신경과와 관련된 응급 상황이 준비되지 않았습니다.
1,신경과와 관련된 응급 상황이 준비되지 않았습니다.
1,신경과와 관련된 응급 상황이 준비되지 않았습니다.
1,신경과와 관련된 응급 상황이 준비되지 않았습니다.
2,신경과와 관련된 응급 상황이 준비되지 않았습니다.
2,신경과와 관련된 응급 상황이 준비되지 않았습니다.
2,신경과와 관련된 응급 상황이 준비되지 않았습니다.
2,신경과와 관련된 응급 상황이 준비되지 않았습니다.
2,신경과와 관련된 응급 상황이 준비되지 않았습니다.
3,신경과와 관련된 응급 상황이 준비되지 않았습니다.
3,신경과와 관련된 응급 상황이 준비되지 않았습니다.
3,신경과와 관련된 응급 상황이 준비되지 않았습니다.
4,신경과와 관련된 응급 상황이 준비되지 않았습니다.
2,신경과와 관련된 응급 상황이 준비되지 않았습니다.
1,신경과와 관련된 응급 상황이 준비되지 않았습니다.
1,신경과와 관련된 응급 상황이 준비되지 않았습니다.
1,신경과와 관련된 응급 상황이 준비되지 않았습니다.
2,신경과와 관련된 응급 상황이 준비되지 않았습니다.
2,신경과와 관련된 응급 상황이 준비되지 않았습니다.
2,신경과와 관련된 응급 상황이 준비되지 않았습니다.
2,신경과와 관련된 응급 상황이 준비되지 않았습니다.
2,신경과와 관련된 응급 상황이 준비되지 않았습니다.
3,신경과와 관련된 응급 상황이 준비되지 않았습니다.
3,신경과와 관련된 응급 상황이 준비되지 않았습니다.
3,신경과와 관련된 응급 상황이 준비되지 않았습니다.
2,신경과와 관련된 응급 상황이 준비되지 않았습니다.
2,신경과와 관련된 응급 상황이 준비되지 않았습니다.
3,신경과와 관련된 응급 상황이 준비되지 않았습니다.
3,신경과와 관련된 응급 상황이 준비되지 않았습니다.
2,신경과와 관련된 응급 상황이 준비되지 않았습니다.
3,신경과와 관련된 응급 상황이 준비되지 않았습니다.
1,신경과와 관련된 응급 상황이 준비되지 않았습니다.
1,신경과와 관련된 응급 상황이 준비되지 않았습니다.
1,신경과와 관련된 응급 상황이 준비되지 않았습니다.
2,신경과와 관련된 응급 상황이 준비되지 않았습니다.
2,신경과와 관련된 응급 상황이 준비되지 않았습니다.
2,신경과와 관련된 응급 상황이 준비되지 않았습니다.
2,신경과와 관련된 응급 상황이 준비되지 않았습니다.
2,신경과와 관련된 응급 상황이 준비되지 않았습니다.
3,신경과와 관련된 응급 상황이 준비되지 않았습니다.
3,신경과와 관련된 응급 상황이 준비되지 않았습니다.
3,신경과와 관련된 응급 상황이 준비되지 않았습니다.
4,신경과와 관련된 응급 상황이 준비되지 않았습니다.
2,신경과와 관련된 응급 상황이 준비되지 않았습니다.
2,신경과와 관련된 응급 상황이 준비되지 않았습니다.
2,신경과와 관련된 응급 상황이 준비되지 않았습니다.
3,신경과와 관련된 응급 상황이 준비되지 않았습니다.
3,신경과와 관련된 응급 상황이 준비되지 않았습니다.
4,신경과와 관련된 응급 상황이 준비되지 않았습니다.
2,신경과와 관련된 응급 상황이 준비되지 않았습니다.
3,신경과와 관련된 응급 상황이 준비되지 않았습니다.
3,신경과와 관련된 응급 상황이 준비되지 않았습니다.
4,신경과와 관련된 응급 상황이 준비되지 않았습니다.
2,신경과와 관련된 응급 상황이 준비되지 않았습니다.
2,신경과와 관련된 응급 상황이 준비되지 않았습니다.
2,신경과와 관련된 응급 상황이 준비되지 않았습니다.
2,신경과와 관련된 응급 상황이 준비되지 않았습니다.
2,신경과와 관련된 응급 상황이 준비되지 않았습니다.
3,신경과와 관련된 응급 상황이 준비되지 않았습니다.
3,신경과와 관련된 응급 상황이 준비되지 않았습니다.
3,신경과와 관련된 응급 상황이 준비되지 않았습니다.
4,신경과와 관련된 응급 상황이 준비되지 않았습니다.
4,신경과와 관련된 응급 상황이 준비되지 않았습니다.
3,신경과와 관련된 응급 상황이 준비되지 않았습니다.
4,신경과와 관련된 응급 상황이 준비되지 않았습니다.
2,안과와 관련된 응급 상황이 준비되지 않았습니다.
3,안과와 관련된 응급 상황이 준비되지 않았습니다.
4,안과와 관련된 응급 상황이 준비되지 않았습니다.
5,안과와 관련된 응급 상황이 준비되지 않았습니다.
2,안과와 관련된 응급 상황이 준비되지 않았습니다.
2,안과와 관련된 응급 상황이 준비되지 않았습니다.
2,안과와 관련된 응급 상황이 준비되지 않았습니다.
4,안과와 관련된 응급 상황이 준비되지 않았습니다.
2,안과와 관련된 응급 상황이 준비되지 않았습니다.
3,안과와 관련된 응급 상황이 준비되지 않았습니다.
3,안과와 관련된 응급 상황이 준비되지 않았습니다.
4,안과와 관련된 응급 상황이 준비되지 않았습니다.
4,안과와 관련된 응급 상황이 준비되지 않았습니다.
5,안과와 관련된 응급 상황이 준비되지 않았습니다.
2,안과와 관련된 응급 상황이 준비되지 않았습니다.
3,안과와 관련된 응급 상황이 준비되지 않았습니다.
4,안과와 관련된 응급 상황이 준비되지 않았습니다.
4,안과와 관련된 응급 상황이 준비되지 않았습니다.
5,안과와 관련된 응급 상황이 준비되지 않았습니다.
5,안과와 관련된 응급 상황이 준비되지 않았습니다.
4,안과와 관련된 응급 상황이 준비되지 않았습니다.
5,안과와 관련된 응급 상황이 준비되지 않았습니다.
2,안과와 관련된 응급 상황이 준비되지 않았습니다.
3,안과와 관련된 응급 상황이 준비되지 않았습니다.
4,안과와 관련된 응급 상황이 준비되지 않았습니다.
4,안과와 관련된 응급 상황이 준비되지 않았습니다.
3,안과와 관련된 응급 상황이 준비되지 않았습니다.
4,안과와 관련된 응급 상황이 준비되지 않았습니다.
2,안과와 관련된 응급 상황이 준비되지 않았습니다.
2,안과와 관련된 응급 상황이 준비되지 않았습니다.
2,안과와 관련된 응급 상황이 준비되지 않았습니다.
2,안과와 관련된 응급 상황이 준비되지 않았습니다.
2,안과와 관련된 응급 상황이 준비되지 않았습니다.
3,안과와 관련된 응급 상황이 준비되지 않았습니다.
3,안과와 관련된 응급 상황이 준비되지 않았습니다.
3,안과와 관련된 응급 상황이 준비되지 않았습니다.
4,안과와 관련된 응급 상황이 준비되지 않았습니다.
3,안과와 관련된 응급 상황이 준비되지 않았습니다.
4,안과와 관련된 응급 상황이 준비되지 않았습니다.
5,안과와 관련된 응급 상황이 준비되지 않았습니다.
5,안과와 관련된 응급 상황이 준비되지 않았습니다.
2,안과와 관련된 응급 상황이 준비되지 않았습니다.
2,안과와 관련된 응급 상황이 준비되지 않았습니다.
2,안과와 관련된 응급 상황이 준비되지 않았습니다.
3,안과와 관련된 응급 상황이 준비되지 않았습니다.
3,안과와 관련된 응급 상황이 준비되지 않았습니다.
4,안과와 관련된 응급 상황이 준비되지 않았습니다.
2,안과와 관련된 응급 상황이 준비되지 않았습니다.
2,안과와 관련된 응급 상황이 준비되지 않았습니다.
2,안과와 관련된 응급 상황이 준비되지 않았습니다.
2,안과와 관련된 응급 상황이 준비되지 않았습니다.
3,안과와 관련된 응급 상황이 준비되지 않았습니다.
4,안과와 관련된 응급 상황이 준비되지 않았습니다.
5,안과와 관련된 응급 상황이 준비되지 않았습니다.
2,안과와 관련된 응급 상황이 준비되지 않았습니다.
5,안과와 관련된 응급 상황이 준비되지 않았습니다.
1,코질환와 관련된 응급 상황이 준비되지 않았습니다.
1,코질환와 관련된 응급 상황이 준비되지 않았습니다.
1,코질환와 관련된 응급 상황이 준비되지 않았습니다.
2,코질환와 관련된 응급 상황이 준비되지 않았습니다.
2,코질환와 관련된 응급 상황이 준비되지 않았습니다.
2,코질환와 관련된 응급 상황이 준비되지 않았습니다.
2,코질환와 관련된 응급 상황이 준비되지 않았습니다.
2,코질환와 관련된 응급 상황이 준비되지 않았습니다.
3,코질환와 관련된 응급 상황이 준비되지 않았습니다.
3,코질환와 관련된 응급 상황이 준비되지 않았습니다.
3,코질환와 관련된 응급 상황이 준비되지 않았습니다.
4,코질환와 관련된 응급 상황이 준비되지 않았습니다.
2,코질환와 관련된 응급 상황이 준비되지 않았습니다.
3,코질환와 관련된 응급 상황이 준비되지 않았습니다.
2,코질환와 관련된 응급 상황이 준비되지 않았습니다.
3,코질환와 관련된 응급 상황이 준비되지 않았습니다.
4,코질환와 관련된 응급 상황이 준비되지 않았습니다.
5,코질환와 관련된 응급 상황이 준비되지 않았습니다.
5,코질환와 관련된 응급 상황이 준비되지 않았습니다.
2,코질환와 관련된 응급 상황이 준비되지 않았습니다.
3,코질환와 관련된 응급 상황이 준비되지 않았습니다.
3,코질환와 관련된 응급 상황이 준비되지 않았습니다.
3,코질환와 관련된 응급 상황이 준비되지 않았습니다.
4,코질환와 관련된 응급 상황이 준비되지 않았습니다.
3,코질환와 관련된 응급 상황이 준비되지 않았습니다.
4,코질환와 관련된 응급 상황이 준비되지 않았습니다.
5,코질환와 관련된 응급 상황이 준비되지 않았습니다.
2,코질환와 관련된 응급 상황이 준비되지 않았습니다.
3,코질환와 관련된 응급 상황이 준비되지 않았습니다.
3,코질환와 관련된 응급 상황이 준비되지 않았습니다.
3,코질환와 관련된 응급 상황이 준비되지 않았습니다.
4,코질환와 관련된 응급 상황이 준비되지 않았습니다.
3,코질환와 관련된 응급 상황이 준비되지 않았습니다.
4,코질환와 관련된 응급 상황이 준비되지 않았습니다.
5,코질환와 관련된 응급 상황이 준비되지 않았습니다.
5,코질환와 관련된 응급 상황이 준비되지 않았습니다.
2,코질환와 관련된 응급 상황이 준비되지 않았습니다.
2,코질환와 관련된 응급 상황이 준비되지 않았습니다.
2,코질환와 관련된 응급 상황이 준비되지 않았습니다.
2,코질환와 관련된 응급 상황이 준비되지 않았습니다.
2,코질환와 관련된 응급 상황이 준비되지 않았습니다.
3,코질환와 관련된 응급 상황이 준비되지 않았습니다.
3,코질환와 관련된 응급 상황이 준비되지 않았습니다.
3,코질환와 관련된 응급 상황이 준비되지 않았습니다.
4,코질환와 관련된 응급 상황이 준비되지 않았습니다.
2,코질환와 관련된 응급 상황이 준비되지 않았습니다.
3,코질환와 관련된 응급 상황이 준비되지 않았습니다.
3,코질환와 관련된 응급 상황이 준비되지 않았습니다.
4,코질환와 관련된 응급 상황이 준비되지 않았습니다.
5,코질환와 관련된 응급 상황이 준비되지 않았습니다.
2,코질환와 관련된 응급 상황이 준비되지 않았습니다.
3,귀질환와 관련된 응급 상황이 준비되지 않았습니다.
3,귀질환와 관련된 응급 상황이 준비되지 않았습니다.
3,귀질환와 관련된 응급 상황이 준비되지 않았습니다.
4,귀질환와 관련된 응급 상황이 준비되지 않았습니다.
3,귀질환와 관련된 응급 상황이 준비되지 않았습니다.
4,귀질환와 관련된 응급 상황이 준비되지 않았습니다.
4,귀질환와 관련된 응급 상황이 준비되지 않았습니다.
5,귀질환와 관련된 응급 상황이 준비되지 않았습니다.
5,귀질환와 관련된 응급 상황이 준비되지 않았습니다.
3,귀질환와 관련된 응급 상황이 준비되지 않았습니다.
4,귀질환와 관련된 응급 상황이 준비되지 않았습니다.
5,귀질환와 관련된 응급 상황이 준비되지 않았습니다.
3,귀질환와 관련된 응급 상황이 준비되지 않았습니다.
5,귀질환와 관련된 응급 상황이 준비되지 않았습니다.
2,귀질환와 관련된 응급 상황이 준비되지 않았습니다.
4,귀질환와 관련된 응급 상황이 준비되지 않았습니다.
3,귀질환와 관련된 응급 상황이 준비되지 않았습니다.
3,귀질환와 관련된 응급 상황이 준비되지 않았습니다.
3,귀질환와 관련된 응급 상황이 준비되지 않았습니다.
4,귀질환와 관련된 응급 상황이 준비되지 않았습니다.
2,귀질환와 관련된 응급 상황이 준비되지 않았습니다.
2,귀질환와 관련된 응급 상황이 준비되지 않았습니다.
2,귀질환와 관련된 응급 상황이 준비되지 않았습니다.
2,귀질환와 관련된 응급 상황이 준비되지 않았습니다.
2,귀질환와 관련된 응급 상황이 준비되지 않았습니다.
3,귀질환와 관련된 응급 상황이 준비되지 않았습니다.
3,귀질환와 관련된 응급 상황이 준비되지 않았습니다.
3,귀질환와 관련된 응급 상황이 준비되지 않았습니다.
4,귀질환와 관련된 응급 상황이 준비되지 않았습니다.
3,귀질환와 관련된 응급 상황이 준비되지 않았습니다.
3,귀질환와 관련된 응급 상황이 준비되지 않았습니다.
4,귀질환와 관련된 응급 상황이 준비되지 않았습니다.
5,귀질환와 관련된 응급 상황이 준비되지 않았습니다.
2,귀질환와 관련된 응급 상황이 준비되지 않았습니다.
3,귀질환와 관련된 응급 상황이 준비되지 않았습니다.
4,귀질환와 관련된 응급 상황이 준비되지 않았습니다.
4,귀질환와 관련된 응급 상황이 준비되지 않았습니다.
5,귀질환와 관련된 응급 상황이 준비되지 않았습니다.
3,"이비인후과-입,인후,경부와 관련된 응급 상황이 준비되지 않았습니다."
3,"이비인후과-입,인후,경부와 관련된 응급 상황이 준비되지 않았습니다."
4,"이비인후과-입,인후,경부와 관련된 응급 상황이 준비되지 않았습니다."
4,"이비인후과-입,인후,경부와 관련된 응급 상황이 준비되지 않았습니다."
5,"이비인후과-입,인후,경부와 관련된 응급 상황이 준비되지 않았습니다."
2,"이비인후과-입,인후,경부와 관련된 응급 상황이 준비되지 않았습니다."
4,"이비인후과-입,인후,경부와 관련된 응급 상황이 준비되지 않았습니다."
5,"이비인후과-입,인후,경부와 관련된 응급 상황이 준비되지 않았습니다."
1,"이비인후과-입,인후,경부와 관련된 응급 상황이 준비되지 않았습니다."
1,"이비인후과-입,인후,경부와 관련된 응급 상황이 준비되지 않았습니다."
1,"이비인후과-입,인후,경부와 관련된 응급 상황이 준비되지 않았습니다."
2,"이비인후과-입,인후,경부와 관련된 응급 상황이 준비되지 않았습니다."
2,"이비인후과-입,인후,경부와 관련된 응급 상황이 준비되지 않았습니다."
2,"이비인후과-입,인후,경부와 관련된 응급 상황이 준비되지 않았습니다."
2,"이비인후과-입,인후,경부와 관련된 응급 상황이 준비되지 않았습니다."
2,"이비인후과-입,인후,경부와 관련된 응급 상황이 준비되지 않았습니다."
3,"이비인후과-입,인후,경부와 관련된 응급 상황이 준비되지 않았습니다."
3,"이비인후과-입,인후,경부와 관련된 응급 상황이 준비되지 않았습니다."
3,"이비인후과-입,인후,경부와 관련된 응급 상황이 준비되지 않았습니다."
4,"이비인후과-입,인후,경부와 관련된 응급 상황이 준비되지 않았습니다."
2,"이비인후과-입,인후,경부와 관련된 응급 상황이 준비되지 않았습니다."
3,"이비인후과-입,인후,경부와 관련된 응급 상황이 준비되지 않았습니다."
3,"이비인후과-입,인후,경부와 관련된 응급 상황이 준비되지 않았습니다."
4,"이비인후과-입,인후,경부와 관련된 응급 상황이 준비되지 않았습니다."
5,"이비인후과-입,인후,경부와 관련된 응급 상황이 준비되지 않았습니다."
1,"이비인후과-입,인후,경부와 관련된 응급 상황이 준비되지 않았습니다."
1,"이비인후과-입,인후,경부와 관련된 응급 상황이 준비되지 않았습니다."
1,"이비인후과-입,인후,경부와 관련된 응급 상황이 준비되지 않았습니다."
2,"이비인후과-입,인후,경부와 관련된 응급 상황이 준비되지 않았습니다."
2,"이비인후과-입,인후,경부와 관련된 응급 상황이 준비되지 않았습니다."
2,"이비인후과-입,인후,경부와 관련된 응급 상황이 준비되지 않았습니다."
2,"이비인후과-입,인후,경부와 관련된 응급 상황이 준비되지 않았습니다."
2,"이비인후과-입,인후,경부와 관련된 응급 상황이 준비되지 않았습니다."
3,"이비인후과-입,인후,경부와 관련된 응급 상황이 준비되지 않았습니다."
3,"이비인후과-입,인후,경부와 관련된 응급 상황이 준비되지 않았습니다."
3,"이비인후과-입,인후,경부와 관련된 응급 상황이 준비되지 않았습니다."
4,"이비인후과-입,인후,경부와 관련된 응급 상황이 준비되지 않았습니다."
2,"이비인후과-입,인후,경부와 관련된 응급 상황이 준비되지 않았습니다."
3,"이비인후과-입,인후,경부와 관련된 응급 상황이 준비되지 않았습니다."
3,"이비인후과-입,인후,경부와 관련된 응급 상황이 준비되지 않았습니다."
4,"이비인후과-입,인후,경부와 관련된 응급 상황이 준비되지 않았습니다."
4,"이비인후과-입,인후,경부와 관련된 응급 상황이 준비되지 않았습니다."
5,"이비인후과-입,인후,경부와 관련된 응급 상황이 준비되지 않았습니다."
2,"이비인후과-입,인후,경부와 관련된 응급 상황이 준비되지 않았습니다."
2,"이비인후과-입,인후,경부와 관련된 응급 상황이 준비되지 않았습니다."
3,"이비인후과-입,인후,경부와 관련된 응급 상황이 준비되지 않았습니다."
5,"이비인후과-입,인후,경부와 관련된 응급 상황이 준비되지 않았습니다."
1,"이비인후과-입,인후,경부와 관련된 응급 상황이 준비되지 않았습니다."
1,"이비인후과-입,인후,경부와 관련된 응급 상황이 준비되지 않았습니다."
1,"이비인후과-입,인후,경부와 관련된 응급 상황이 준비되지 않았습니다."
,"이비인후과-입,인후,경부와 관련된 응급 상황이 준비되지 않았습니다."
2,"이비인후과-입,인후,경부와 관련된 응급 상황이 준비되지 않았습니다."
2,"이비인후과-입,인후,경부와 관련된 응급 상황이 준비되지 않았습니다."
2,"이비인후과-입,인후,경부와 관련된 응급 상황이 준비되지 않았습니다."
2,"이비인후과-입,인후,경부와 관련된 응급 상황이 준비되지 않았습니다."
2,"이비인후과-입,인후,경부와 관련된 응급 상황이 준비되지 않았습니다."
3,"이비인후과-입,인후,경부와 관련된 응급 상황이 준비되지 않았습니다."
3,"이비인후과-입,인후,경부와 관련된 응급 상황이 준비되지 않았습니다."
3,"이비인후과-입,인후,경부와 관련된 응급 상황이 준비되지 않았습니다."
4,"이비인후과-입,인후,경부와 관련된 응급 상황이 준비되지 않았습니다."
2,"이비인후과-입,인후,경부와 관련된 응급 상황이 준비되지 않았습니다."
3,"이비인후과-입,인후,경부와 관련된 응급 상황이 준비되지 않았습니다."
3,"이비인후과-입,인후,경부와 관련된 응급 상황이 준비되지 않았습니다."
4,"이비인후과-입,인후,경부와 관련된 응급 상황이 준비되지 않았습니다."
4,"이비인후과-입,인후,경부와 관련된 응급 상황이 준비되지 않았습니다."
5,"이비인후과-입,인후,경부와 관련된 응급 상황이 준비되지 않았습니다."
2,"이비인후과-입,인후,경부와 관련된 응급 상황이 준비되지 않았습니다."
1,"이비인후과-입,인후,경부와 관련된 응급 상황이 준비되지 않았습니다."
1,"이비인후과-입,인후,경부와 관련된 응급 상황이 준비되지 않았습니다."
1,"이비인후과-입,인후,경부와 관련된 응급 상황이 준비되지 않았습니다."
2,"이비인후과-입,인후,경부와 관련된 응급 상황이 준비되지 않았습니다."
2,"이비인후과-입,인후,경부와 관련된 응급 상황이 준비되지 않았습니다."
2,"이비인후과-입,인후,경부와 관련된 응급 상황이 준비되지 않았습니다."
2,"이비인후과-입,인후,경부와 관련된 응급 상황이 준비되지 않았습니다."
2,"이비인후과-입,인후,경부와 관련된 응급 상황이 준비되지 않았습니다."
3,"이비인후과-입,인후,경부와 관련된 응급 상황이 준비되지 않았습니다."
3,"이비인후과-입,인후,경부와 관련된 응급 상황이 준비되지 않았습니다."
3,"이비인후과-입,인후,경부와 관련된 응급 상황이 준비되지 않았습니다."
4,"이비인후과-입,인후,경부와 관련된 응급 상황이 준비되지 않았습니다."
2,"이비인후과-입,인후,경부와 관련된 응급 상황이 준비되지 않았습니다."
2,"이비인후과-입,인후,경부와 관련된 응급 상황이 준비되지 않았습니다."
2,"이비인후과-입,인후,경부와 관련된 응급 상황이 준비되지 않았습니다."
3,"이비인후과-입,인후,경부와 관련된 응급 상황이 준비되지 않았습니다."
3,"이비인후과-입,인후,경부와 관련된 응급 상황이 준비되지 않았습니다."
4,"이비인후과-입,인후,경부와 관련된 응급 상황이 준비되지 않았습니다."
2,"이비인후과-입,인후,경부와 관련된 응급 상황이 준비되지 않았습니다."
2,"이비인후과-입,인후,경부와 관련된 응급 상황이 준비되지 않았습니다."
1,"이비인후과-입,인후,경부와 관련된 응급 상황이 준비되지 않았습니다."
1,"이비인후과-입,인후,경부와 관련된 응급 상황이 준비되지 않았습니다."
1,"이비인후과-입,인후,경부와 관련된 응급 상황이 준비되지 않았습니다."
2,"이비인후과-입,인후,경부와 관련된 응급 상황이 준비되지 않았습니다."
2,"이비인후과-입,인후,경부와 관련된 응급 상황이 준비되지 않았습니다."
2,"이비인후과-입,인후,경부와 관련된 응급 상황이 준비되지 않았습니다."
2,"이비인후과-입,인후,경부와 관련된 응급 상황이 준비되지 않았습니다."
2,"이비인후과-입,인후,경부와 관련된 응급 상황이 준비되지 않았습니다."
3,"이비인후과-입,인후,경부와 관련된 응급 상황이 준비되지 않았습니다."
3,"이비인후과-입,인후,경부와 관련된 응급 상황이 준비되지 않았습니다."
3,"이비인후과-입,인후,경부와 관련된 응급 상황이 준비되지 않았습니다."
2,"이비인후과-입,인후,경부와 관련된 응급 상황이 준비되지 않았습니다."
3,"이비인후과-입,인후,경부와 관련된 응급 상황이 준비되지 않았습니다."
,"이비인후과-입,인후,경부와 관련된 응급 상황이 준비되지 않았습니다."
2,"이비인후과-입,인후,경부와 관련된 응급 상황이 준비되지 않았습니다."
3,"이비인후과-입,인후,경부와 관련된 응급 상황이 준비되지 않았습니다."
2,"이비인후과-입,인후,경부와 관련된 응급 상황이 준비되지 않았습니다."
2,"이비인후과-입,인후,경부와 관련된 응급 상황이 준비되지 않았습니다."
2,"이비인후과-입,인후,경부와 관련된 응급 상황이 준비되지 않았습니다."
2,"이비인후과-입,인후,경부와 관련된 응급 상황이 준비되지 않았습니다."
2,"이비인후과-입,인후,경부와 관련된 응급 상황이 준비되지 않았습니다."
3,"이비인후과-입,인후,경부와 관련된 응급 상황이 준비되지 않았습니다."
3,"이비인후과-입,인후,경부와 관련된 응급 상황이 준비되지 않았습니다."
3,"이비인후과-입,인후,경부와 관련된 응급 상황이 준비되지 않았습니다."
4,"이비인후과-입,인후,경부와 관련된 응급 상황이 준비되지 않았습니다."
3,"이비인후과-입,인후,경부와 관련된 응급 상황이 준비되지 않았습니다."
4,"이비인후과-입,인후,경부와 관련된 응급 상황이 준비되지 않았습니다."
4,"이비인후과-입,인후,경부와 관련된 응급 상황이 준비되지 않았습니다."
5,"이비인후과-입,인후,경부와 관련된 응급 상황이 준비되지 않았습니다."
5,"이비인후과-입,인후,경부와 관련된 응급 상황이 준비되지 않았습니다."
1,급성 천식 발작으로 인해 호흡이 어려워지는 상황 상태에서 숨참 상황이 중증 호흡곤란로 이어짐
1,폐렴으로 인해 극심한 기침과 고열이 동반된 상황 상태에서 숨참 상황이 쇼크로 이어짐
1,만성 폐쇄성 폐질환으로 호흡 곤란과 산소 부족이 발생하는 상황 상태에서 숨참 상황이 무의식(GCS 3-8)로 이어짐
2,급성 기관지염으로 인해 기침과 가래가 심해진 상황 상태에서 숨참 상황이 중등도 호흡곤란로 이어짐
2,흡입 손상으로 인해 호흡이 어려워지고 기침이 동반된 상황 상태에서 숨참 상황이 혈역학적 장애로 이어짐
2,급성 천식 발작으로 인해 호흡이 어려워지는 상황 상태에서 숨참 상황이 의식변화(GCS 9-13)로 이어짐
2,"폐렴으로 인해 극심한 기침과 고열이 동반된 상황 상태에서 숨참 상황이 열,면역억제 상태로 이어짐"
2,만성 폐쇄성 폐질환으로 호흡 곤란과 산소 부족이 발생하는 상황 상태에서 숨참 상황이 패혈증 의증(3 SIRS 기준만족)로 이어짐
3,급성 기관지염으로 인해 기침과 가래가 심해진 상황 상태에서 숨참 상황이 경증 호흡곤란로 이어짐
3,"흡입 손상으로 인해 호흡이 어려워지고 기침이 동반된 상황 상태에서 숨참 상황이 비정상 맥박수/맥박압 (혈역학적으로
안정)로 이어짐"
3,"급성 천식 발작으로 인해 호흡이 어려워지는 상황 상태에서 숨참 상황이 열(아파보임),<3 SIRS 기준 만족로 이어짐"
4,"폐렴으로 인해 극심한 기침과 고열이 동반된 상황 상태에서 숨참 상황이 열(건강해보임), 1SIRS 기준만족(열)로 이어짐"
2,만성 폐쇄성 폐질환으로 호흡 곤란과 산소 부족이 발생하는 상황 상태에서 숨참 상황이 예측 FEV1 혹은 PEER이 40%미만인로 이어짐
,nan와 관련된 응급 상황이 준비되지 않았습니다.
3,"급성 기관지염으로 인해 기침과 가래가 심해진 상황 상태에서 숨참 상황이 예측 FEV1 혹은 PEER이 40-60%인
알려진 천식(중등도)로 이어짐"
4,"흡입 손상으로 인해 호흡이 어려워지고 기침이 동반된 상황 상태에서 숨참 상황이 예측 FEV1 혹은 PEER이 60%이상인
알려진 천식(경증)로 이어짐"
4,"급성 천식 발작으로 인해 호흡이 어려워지는 상황 상태에서 숨참 상황이 숨참, 호흡곤란 없음로 이어짐"
1,폐렴으로 인해 극심한 기침과 고열이 동반된 상황 상태에서 호흡정지 상황이 호흡정지로 이어짐
1,만성 폐쇄성 폐질환으로 호흡 곤란과 산소 부족이 발생하는 상황 상태에서 과다호흡증후군 상황이 중증 호흡곤란로 이어짐
1,급성 기관지염으로 인해 기침과 가래가 심해진 상황 상태에서 과다호흡증후군 상황이 쇼크로 이어짐
1,흡입 손상으로 인해 호흡이 어려워지고 기침이 동반된 상황 상태에서 과다호흡증후군 상황이 무의식(GCS 3-8)로 이어짐
2,급성 천식 발작으로 인해 호흡이 어려워지는 상황 상태에서 과다호흡증후군 상황이 중등도 호흡곤란로 이어짐
2,폐렴으로 인해 극심한 기침과 고열이 동반된 상황 상태에서 과다호흡증후군 상황이 혈역학적 장애로 이어짐
2,만성 폐쇄성 폐질환으로 호흡 곤란과 산소 부족이 발생하는 상황 상태에서 과다호흡증후군 상황이 의식변화(GCS 9-13)로 이어짐
2,"급성 기관지염으로 인해 기침과 가래가 심해진 상황 상태에서 과다호흡증후군 상황이 열,면역억제 상태로 이어짐"
2,흡입 손상으로 인해 호흡이 어려워지고 기침이 동반된 상황 상태에서 과다호흡증후군 상황이 패혈증 의증(3 SIRS 기준만족)로 이어짐
3,급성 천식 발작으로 인해 호흡이 어려워지는 상황 상태에서 과다호흡증후군 상황이 경증 호흡곤란로 이어짐
3,"폐렴으로 인해 극심한 기침과 고열이 동반된 상황 상태에서 과다호흡증후군 상황이 비정상 맥박수/맥박압 (혈역학적으로
안정)로 이어짐"
3,"만성 폐쇄성 폐질환으로 호흡 곤란과 산소 부족이 발생하는 상황 상태에서 과다호흡증후군 상황이 열(아파보임),<3 SIRS 기준 만족로 이어짐"
4,"급성 기관지염으로 인해 기침과 가래가 심해진 상황 상태에서 과다호흡증후군 상황이 열(건강해보임), 1SIRS 기준만족(열)로 이어짐"
4,"흡입 손상으로 인해 호흡이 어려워지고 기침이 동반된 상황 상태에서 과다호흡증후군 상황이 회복된 과다호흡증후군, 건강해보임로 이어짐"
1,급성 천식 발작으로 인해 호흡이 어려워지는 상황 상태에서 객혈 상황이 중증 호흡곤란로 이어짐
1,폐렴으로 인해 극심한 기침과 고열이 동반된 상황 상태에서 객혈 상황이 쇼크로 이어짐
1,만성 폐쇄성 폐질환으로 호흡 곤란과 산소 부족이 발생하는 상황 상태에서 객혈 상황이 무의식(GCS 3-8)로 이어짐
2,급성 기관지염으로 인해 기침과 가래가 심해진 상황 상태에서 객혈 상황이 중등도 호흡곤란로 이어짐
2,흡입 손상으로 인해 호흡이 어려워지고 기침이 동반된 상황 상태에서 객혈 상황이 혈역학적 장애로 이어짐
2,급성 천식 발작으로 인해 호흡이 어려워지는 상황 상태에서 객혈 상황이 의식변화(GCS 9-13)로 이어짐
2,"폐렴으로 인해 극심한 기침과 고열이 동반된 상황 상태에서 객혈 상황이 열,면역억제 상태로 이어짐"
2,만성 폐쇄성 폐질환으로 호흡 곤란과 산소 부족이 발생하는 상황 상태에서 객혈 상황이 패혈증 의증(3 SIRS 기준만족)로 이어짐
3,급성 기관지염으로 인해 기침과 가래가 심해진 상황 상태에서 객혈 상황이 경증 호흡곤란로 이어짐
3,"흡입 손상으로 인해 호흡이 어려워지고 기침이 동반된 상황 상태에서 객혈 상황이 비정상 맥박수/맥박압 (혈역학적으로
안정)로 이어짐"
3,"급성 천식 발작으로 인해 호흡이 어려워지는 상황 상태에서 객혈 상황이 열(아파보임),<3 SIRS 기준 만족로 이어짐"
4,"폐렴으로 인해 극심한 기침과 고열이 동반된 상황 상태에서 객혈 상황이 열(건강해보임), 1SIRS 기준만족(열)로 이어짐"
2,"만성 폐쇄성 폐질환으로 호흡 곤란과 산소 부족이 발생하는 상황 상태에서 객혈 상황이 출혈성 질환(생명이나 사지에 위급한
출혈)로 이어짐"
3,급성 기관지염으로 인해 기침과 가래가 심해진 상황 상태에서 객혈 상황이 출혈성 질환(중등도나 경증의 출혈)로 이어짐
4,"흡입 손상으로 인해 호흡이 어려워지고 기침이 동반된 상황 상태에서 객혈 상황이 객혈, 건강해보임로 이어짐"
2,급성 천식 발작으로 인해 호흡이 어려워지는 상황 상태에서 기침/코막힘 상황이 중등도 호흡곤란로 이어짐
2,폐렴으로 인해 극심한 기침과 고열이 동반된 상황 상태에서 기침/코막힘 상황이 혈역학적 장애로 이어짐
2,만성 폐쇄성 폐질환으로 호흡 곤란과 산소 부족이 발생하는 상황 상태에서 기침/코막힘 상황이 의식변화(GCS 9-13)로 이어짐
2,"급성 기관지염으로 인해 기침과 가래가 심해진 상황 상태에서 기침/코막힘 상황이 열,면역억제 상태로 이어짐"
2,흡입 손상으로 인해 호흡이 어려워지고 기침이 동반된 상황 상태에서 기침/코막힘 상황이 패혈증 의증(3 SIRS 기준만족)로 이어짐
3,급성 천식 발작으로 인해 호흡이 어려워지는 상황 상태에서 기침/코막힘 상황이 경증 호흡곤란로 이어짐
3,"폐렴으로 인해 극심한 기침과 고열이 동반된 상황 상태에서 기침/코막힘 상황이 비정상 맥박수/맥박압 (혈역학적으로
안정)로 이어짐"
3,"만성 폐쇄성 폐질환으로 호흡 곤란과 산소 부족이 발생하는 상황 상태에서 기침/코막힘 상황이 열(아파보임),<3 SIRS 기준 만족로 이어짐"
4,"급성 기관지염으로 인해 기침과 가래가 심해진 상황 상태에서 기침/코막힘 상황이 열(건강해보임), 1SIRS 기준만족(열)로 이어짐"
5,"흡입 손상으로 인해 호흡이 어려워지고 기침이 동반된 상황 상태에서 기침/코막힘 상황이 만성기침/코막힘, 정상 활력징후로 이어짐"
1,급성 천식 발작으로 인해 호흡이 어려워지는 상황 상태에서 호흡기 이물질 상황이 중증 호흡곤란로 이어짐
1,폐렴으로 인해 극심한 기침과 고열이 동반된 상황 상태에서 호흡기 이물질 상황이 쇼크로 이어짐
1,만성 폐쇄성 폐질환으로 호흡 곤란과 산소 부족이 발생하는 상황 상태에서 호흡기 이물질 상황이 무의식(GCS 3-8)로 이어짐
2,급성 기관지염으로 인해 기침과 가래가 심해진 상황 상태에서 호흡기 이물질 상황이 중등도 호흡곤란로 이어짐
2,흡입 손상으로 인해 호흡이 어려워지고 기침이 동반된 상황 상태에서 호흡기 이물질 상황이 혈역학적 장애로 이어짐
2,급성 천식 발작으로 인해 호흡이 어려워지는 상황 상태에서 호흡기 이물질 상황이 의식변화(GCS 9-13)로 이어짐
2,"폐렴으로 인해 극심한 기침과 고열이 동반된 상황 상태에서 호흡기 이물질 상황이 열,면역억제 상태로 이어짐"
2,만성 폐쇄성 폐질환으로 호흡 곤란과 산소 부족이 발생하는 상황 상태에서 호흡기 이물질 상황이 패혈증 의증(3 SIRS 기준만족)로 이어짐
3,급성 기관지염으로 인해 기침과 가래가 심해진 상황 상태에서 호흡기 이물질 상황이 경증 호흡곤란로 이어짐
3,"흡입 손상으로 인해 호흡이 어려워지고 기침이 동반된 상황 상태에서 호흡기 이물질 상황이 비정상 맥박수/맥박압 (혈역학적으로
안정)로 이어짐"
3,"급성 천식 발작으로 인해 호흡이 어려워지는 상황 상태에서 호흡기 이물질 상황이 열(아파보임),<3 SIRS 기준 만족로 이어짐"
4,"폐렴으로 인해 극심한 기침과 고열이 동반된 상황 상태에서 호흡기 이물질 상황이 열(건강해보임), 1SIRS 기준만족(열)로 이어짐"
2,만성 폐쇄성 폐질환으로 호흡 곤란과 산소 부족이 발생하는 상황 상태에서 호흡기 이물질 상황이 급성 중심성 중증 통증(8-10)로 이어짐
3,급성 기관지염으로 인해 기침과 가래가 심해진 상황 상태에서 호흡기 이물질 상황이 급성 중심성 중등도 통증(4-7)로 이어짐
4,흡입 손상으로 인해 호흡이 어려워지고 기침이 동반된 상황 상태에서 호흡기 이물질 상황이 급성 중심성 경증 통증(<4)로 이어짐
2,급성 천식 발작으로 인해 호흡이 어려워지는 상황 상태에서 호흡기 이물질 상황이 침흘림 또는 협착음로 이어짐
2,폐렴으로 인해 극심한 기침과 고열이 동반된 상황 상태에서 호흡기 이물질 상황이 목쉰소리와 언어장애로 이어짐
3,만성 폐쇄성 폐질환으로 호흡 곤란과 산소 부족이 발생하는 상황 상태에서 호흡기 이물질 상황이 호흡곤란 없는 연하장애로 이어짐
4,"급성 기관지염으로 인해 기침과 가래가 심해진 상황 상태에서 호흡기 이물질 상황이 호흡기 이물질, 경증통증, 호흡곤란은
없음로 이어짐"
1,흡입 손상으로 인해 호흡이 어려워지고 기침이 동반된 상황 상태에서 알레르기반응 상황이 중증 호흡곤란로 이어짐
1,급성 천식 발작으로 인해 호흡이 어려워지는 상황 상태에서 알레르기반응 상황이 쇼크로 이어짐
1,폐렴으로 인해 극심한 기침과 고열이 동반된 상황 상태에서 알레르기반응 상황이 무의식(GCS 3-8)로 이어짐
2,만성 폐쇄성 폐질환으로 호흡 곤란과 산소 부족이 발생하는 상황 상태에서 알레르기반응 상황이 중등도 호흡곤란로 이어짐
2,급성 기관지염으로 인해 기침과 가래가 심해진 상황 상태에서 알레르기반응 상황이 혈역학적 장애로 이어짐
2,흡입 손상으로 인해 호흡이 어려워지고 기침이 동반된 상황 상태에서 알레르기반응 상황이 의식변화(GCS 9-13)로 이어짐
2,"급성 천식 발작으로 인해 호흡이 어려워지는 상황 상태에서 알레르기반응 상황이 열,면역억제 상태로 이어짐"
2,폐렴으로 인해 극심한 기침과 고열이 동반된 상황 상태에서 알레르기반응 상황이 패혈증 의증(3 SIRS 기준만족)로 이어짐
3,만성 폐쇄성 폐질환으로 호흡 곤란과 산소 부족이 발생하는 상황 상태에서 알레르기반응 상황이 경증 호흡곤란로 이어짐
3,"급성 기관지염으로 인해 기침과 가래가 심해진 상황 상태에서 알레르기반응 상황이 비정상 맥박수/맥박압 (혈역학적으로
안정)로 이어짐"
3,"흡입 손상으로 인해 호흡이 어려워지고 기침이 동반된 상황 상태에서 알레르기반응 상황이 열(아파보임),<3 SIRS 기준 만족로 이어짐"
4,"급성 천식 발작으로 인해 호흡이 어려워지는 상황 상태에서 알레르기반응 상황이 열(건강해보임), 1SIRS 기준만족(열)로 이어짐"
3,폐렴으로 인해 극심한 기침과 고열이 동반된 상황 상태에서 알레르기반응 상황이 급성 말초성 중증 통증 (8-10)로 이어짐
4,만성 폐쇄성 폐질환으로 호흡 곤란과 산소 부족이 발생하는 상황 상태에서 알레르기반응 상황이 급성 말초성 중등도 통증(4-7)로 이어짐
5,급성 기관지염으로 인해 기침과 가래가 심해진 상황 상태에서 알레르기반응 상황이 급성 말초성 경증 통증(<4)로 이어짐
2,흡입 손상으로 인해 호흡이 어려워지고 기침이 동반된 상황 상태에서 알레르기반응 상황이 이전 중증의 기왕력로 이어짐
5,급성 천식 발작으로 인해 호흡이 어려워지는 상황 상태에서 알레르기반응 상황이 코 울혈을 동반한 건초열로 이어짐
1,심혈관와 관련된 응급 상황이 준비되지 않았습니다.
1,심혈관와 관련된 응급 상황이 준비되지 않았습니다.
1,심혈관와 관련된 응급 상황이 준비되지 않았습니다.
1,심혈관와 관련된 응급 상황이 준비되지 않았습니다.
1,심혈관와 관련된 응급 상황이 준비되지 않았습니다.
2,심혈관와 관련된 응급 상황이 준비되지 않았습니다.
2,심혈관와 관련된 응급 상황이 준비되지 않았습니다.
2,심혈관와 관련된 응급 상황이 준비되지 않았습니다.
2,심혈관와 관련된 응급 상황이 준비되지 않았습니다.
2,심혈관와 관련된 응급 상황이 준비되지 않았습니다.
2,심혈관와 관련된 응급 상황이 준비되지 않았습니다.
2,심혈관와 관련된 응급 상황이 준비되지 않았습니다.
1,심혈관와 관련된 응급 상황이 준비되지 않았습니다.
1,심혈관와 관련된 응급 상황이 준비되지 않았습니다.
1,심혈관와 관련된 응급 상황이 준비되지 않았습니다.
2,심혈관와 관련된 응급 상황이 준비되지 않았습니다.
2,심혈관와 관련된 응급 상황이 준비되지 않았습니다.
2,심혈관와 관련된 응급 상황이 준비되지 않았습니다.
2,심혈관와 관련된 응급 상황이 준비되지 않았습니다.
2,심혈관와 관련된 응급 상황이 준비되지 않았습니다.
3,심혈관와 관련된 응급 상황이 준비되지 않았습니다.
3,심혈관와 관련된 응급 상황이 준비되지 않았습니다.
3,심혈관와 관련된 응급 상황이 준비되지 않았습니다.
4,심혈관와 관련된 응급 상황이 준비되지 않았습니다.
2,심혈관와 관련된 응급 상황이 준비되지 않았습니다.
3,심혈관와 관련된 응급 상황이 준비되지 않았습니다.
3,심혈관와 관련된 응급 상황이 준비되지 않았습니다.
3,심혈관와 관련된 응급 상황이 준비되지 않았습니다.
4,심혈관와 관련된 응급 상황이 준비되지 않았습니다.
4,심혈관와 관련된 응급 상황이 준비되지 않았습니다.
4,심혈관와 관련된 응급 상황이 준비되지 않았습니다.
4,심혈관와 관련된 응급 상황이 준비되지 않았습니다.
5,심혈관와 관련된 응급 상황이 준비되지 않았습니다.
5,심혈관와 관련된 응급 상황이 준비되지 않았습니다.
5,심혈관와 관련된 응급 상황이 준비되지 않았습니다.
2,심혈관와 관련된 응급 상황이 준비되지 않았습니다.
5,심혈관와 관련된 응급 상황이 준비되지 않았습니다.
1,심혈관와 관련된 응급 상황이 준비되지 않았습니다.
1,심혈관와 관련된 응급 상황이 준비되지 않았습니다.
,nan와 관련된 응급 상황이 준비되지 않았습니다.
1,심혈관와 관련된 응급 상황이 준비되지 않았습니다.
2,심혈관와 관련된 응급 상황이 준비되지 않았습니다.
2,심혈관와 관련된 응급 상황이 준비되지 않았습니다.
2,심혈관와 관련된 응급 상황이 준비되지 않았습니다.
2,심혈관와 관련된 응급 상황이 준비되지 않았습니다.
2,심혈관와 관련된 응급 상황이 준비되지 않았습니다.
3,심혈관와 관련된 응급 상황이 준비되지 않았습니다.
3,심혈관와 관련된 응급 상황이 준비되지 않았습니다.
3,심혈관와 관련된 응급 상황이 준비되지 않았습니다.
2,심혈관와 관련된 응급 상황이 준비되지 않았습니다.
2,심혈관와 관련된 응급 상황이 준비되지 않았습니다.
3,심혈관와 관련된 응급 상황이 준비되지 않았습니다.
4,심혈관와 관련된 응급 상황이 준비되지 않았습니다.
1,심혈관와 관련된 응급 상황이 준비되지 않았습니다.
1,심혈관와 관련된 응급 상황이 준비되지 않았습니다.
1,심혈관와 관련된 응급 상황이 준비되지 않았습니다.
2,심혈관와 관련된 응급 상황이 준비되지 않았습니다.
2,심혈관와 관련된 응급 상황이 준비되지 않았습니다.
2,심혈관와 관련된 응급 상황이 준비되지 않았습니다.
2,심혈관와 관련된 응급 상황이 준비되지 않았습니다.
2,심혈관와 관련된 응급 상황이 준비되지 않았습니다.
3,심혈관와 관련된 응급 상황이 준비되지 않았습니다.
3,심혈관와 관련된 응급 상황이 준비되지 않았습니다.
3,심혈관와 관련된 응급 상황이 준비되지 않았습니다.
2,심혈관와 관련된 응급 상황이 준비되지 않았습니다.
3,심혈관와 관련된 응급 상황이 준비되지 않았습니다.
3,심혈관와 관련된 응급 상황이 준비되지 않았습니다.
4,심혈관와 관련된 응급 상황이 준비되지 않았습니다.
1,심혈관와 관련된 응급 상황이 준비되지 않았습니다.
1,심혈관와 관련된 응급 상황이 준비되지 않았습니다.
1,심혈관와 관련된 응급 상황이 준비되지 않았습니다.
2,심혈관와 관련된 응급 상황이 준비되지 않았습니다.
2,심혈관와 관련된 응급 상황이 준비되지 않았습니다.
2,심혈관와 관련된 응급 상황이 준비되지 않았습니다.
2,심혈관와 관련된 응급 상황이 준비되지 않았습니다.
2,심혈관와 관련된 응급 상황이 준비되지 않았습니다.
3,심혈관와 관련된 응급 상황이 준비되지 않았습니다.
3,심혈관와 관련된 응급 상황이 준비되지 않았습니다.
3,심혈관와 관련된 응급 상황이 준비되지 않았습니다.
4,심혈관와 관련된 응급 상황이 준비되지 않았습니다.
1,심혈관와 관련된 응급 상황이 준비되지 않았습니다.
2,심혈관와 관련된 응급 상황이 준비되지 않았습니다.
3,심혈관와 관련된 응급 상황이 준비되지 않았습니다.
3,심혈관와 관련된 응급 상황이 준비되지 않았습니다.
4,심혈관와 관련된 응급 상황이 준비되지 않았습니다.
4,심혈관와 관련된 응급 상황이 준비되지 않았습니다.
1,심혈관와 관련된 응급 상황이 준비되지 않았습니다.
1,심혈관와 관련된 응급 상황이 준비되지 않았습니다.
1,심혈관와 관련된 응급 상황이 준비되지 않았습니다.
2,심혈관와 관련된 응급 상황이 준비되지 않았습니다.
2,심혈관와 관련된 응급 상황이 준비되지 않았습니다.
2,심혈관와 관련된 응급 상황이 준비되지 않았습니다.
2,심혈관와 관련된 응급 상황이 준비되지 않았습니다.
2,심혈관와 관련된 응급 상황이 준비되지 않았습니다.
3,심혈관와 관련된 응급 상황이 준비되지 않았습니다.
3,심혈관와 관련된 응급 상황이 준비되지 않았습니다.
3,심혈관와 관련된 응급 상황이 준비되지 않았습니다.
2,심혈관와 관련된 응급 상황이 준비되지 않았습니다.
2,심혈관와 관련된 응급 상황이 준비되지 않았습니다.
2,심혈관와 관련된 응급 상황이 준비되지 않았습니다.
3,심혈관와 관련된 응급 상황이 준비되지 않았습니다.
4,심혈관와 관련된 응급 상황이 준비되지 않았습니다.
1,심혈관와 관련된 응급 상황이 준비되지 않았습니다.
1,심혈관와 관련된 응급 상황이 준비되지 않았습니다.
1,심혈관와 관련된 응급 상황이 준비되지 않았습니다.
2,심혈관와 관련된 응급 상황이 준비되지 않았습니다.
2,심혈관와 관련된 응급 상황이 준비되지 않았습니다.
2,심혈관와 관련된 응급 상황이 준비되지 않았습니다.
2,심혈관와 관련된 응급 상황이 준비되지 않았습니다.
2,심혈관와 관련된 응급 상황이 준비되지 않았습니다.
3,심혈관와 관련된 응급 상황이 준비되지 않았습니다.
3,심혈관와 관련된 응급 상황이 준비되지 않았습니다.
3,심혈관와 관련된 응급 상황이 준비되지 않았습니다.
4,심혈관와 관련된 응급 상황이 준비되지 않았습니다.
2,심혈관와 관련된 응급 상황이 준비되지 않았습니다.
2,심혈관와 관련된 응급 상황이 준비되지 않았습니다.
2,심혈관와 관련된 응급 상황이 준비되지 않았습니다.
2,심혈관와 관련된 응급 상황이 준비되지 않았습니다.
2,심혈관와 관련된 응급 상황이 준비되지 않았습니다.
3,심혈관와 관련된 응급 상황이 준비되지 않았습니다.
3,심혈관와 관련된 응급 상황이 준비되지 않았습니다.
3,심혈관와 관련된 응급 상황이 준비되지 않았습니다.
4,심혈관와 관련된 응급 상황이 준비되지 않았습니다.
3,심혈관와 관련된 응급 상황이 준비되지 않았습니다.
4,심혈관와 관련된 응급 상황이 준비되지 않았습니다.
4,심혈관와 관련된 응급 상황이 준비되지 않았습니다.
5,심혈관와 관련된 응급 상황이 준비되지 않았습니다.
5,심혈관와 관련된 응급 상황이 준비되지 않았습니다.
5,심혈관와 관련된 응급 상황이 준비되지 않았습니다.
1,심혈관와 관련된 응급 상황이 준비되지 않았습니다.
1,심혈관와 관련된 응급 상황이 준비되지 않았습니다.
1,심혈관와 관련된 응급 상황이 준비되지 않았습니다.
2,심혈관와 관련된 응급 상황이 준비되지 않았습니다.
2,심혈관와 관련된 응급 상황이 준비되지 않았습니다.
2,심혈관와 관련된 응급 상황이 준비되지 않았습니다.
2,심혈관와 관련된 응급 상황이 준비되지 않았습니다.
2,심혈관와 관련된 응급 상황이 준비되지 않았습니다.
2,심혈관와 관련된 응급 상황이 준비되지 않았습니다.
2,심혈관와 관련된 응급 상황이 준비되지 않았습니다.
2,심혈관와 관련된 응급 상황이 준비되지 않았습니다.
,nan와 관련된 응급 상황이 준비되지 않았습니다.
2,심혈관와 관련된 응급 상황이 준비되지 않았습니다.
2,심혈관와 관련된 응급 상황이 준비되지 않았습니다.
2,심혈관와 관련된 응급 상황이 준비되지 않았습니다.
3,심혈관와 관련된 응급 상황이 준비되지 않았습니다.
3,심혈관와 관련된 응급 상황이 준비되지 않았습니다.
3,심혈관와 관련된 응급 상황이 준비되지 않았습니다.
4,심혈관와 관련된 응급 상황이 준비되지 않았습니다.
3,심혈관와 관련된 응급 상황이 준비되지 않았습니다.
4,심혈관와 관련된 응급 상황이 준비되지 않았습니다.
3,심혈관와 관련된 응급 상황이 준비되지 않았습니다.
4,심혈관와 관련된 응급 상황이 준비되지 않았습니다.
1,소화기와 관련된 응급 상황이 준비되지 않았습니다.
1,소화기와 관련된 응급 상황이 준비되지 않았습니다.
1,소화기와 관련된 응급 상황이 준비되지 않았습니다.
2,소화기와 관련된 응급 상황이 준비되지 않았습니다.
2,소화기와 관련된 응급 상황이 준비되지 않았습니다.
2,소화기와 관련된 응급 상황이 준비되지 않았습니다.
2,소화기와 관련된 응급 상황이 준비되지 않았습니다.
2,소화기와 관련된 응급 상황이 준비되지 않았습니다.
3,소화기와 관련된 응급 상황이 준비되지 않았습니다.
3,소화기와 관련된 응급 상황이 준비되지 않았습니다.
3,소화기와 관련된 응급 상황이 준비되지 않았습니다.
4,소화기와 관련된 응급 상황이 준비되지 않았습니다.
2,소화기와 관련된 응급 상황이 준비되지 않았습니다.
3,소화기와 관련된 응급 상황이 준비되지 않았습니다.
3,소화기와 관련된 응급 상황이 준비되지 않았습니다.
4,소화기와 관련된 응급 상황이 준비되지 않았습니다.
4,소화기와 관련된 응급 상황이 준비되지 않았습니다.
5,소화기와 관련된 응급 상황이 준비되지 않았습니다.
2,소화기와 관련된 응급 상황이 준비되지 않았습니다.
2,소화기와 관련된 응급 상황이 준비되지 않았습니다.
2,소화기와 관련된 응급 상황이 준비되지 않았습니다.
2,소화기와 관련된 응급 상황이 준비되지 않았습니다.
2,소화기와 관련된 응급 상황이 준비되지 않았습니다.
3,소화기와 관련된 응급 상황이 준비되지 않았습니다.
3,소화기와 관련된 응급 상황이 준비되지 않았습니다.
3,소화기와 관련된 응급 상황이 준비되지 않았습니다.
4,소화기와 관련된 응급 상황이 준비되지 않았습니다.
3,소화기와 관련된 응급 상황이 준비되지 않았습니다.
4,소화기와 관련된 응급 상황이 준비되지 않았습니다.
2,소화기와 관련된 응급 상황이 준비되지 않았습니다.
2,소화기와 관련된 응급 상황이 준비되지 않았습니다.
2,소화기와 관련된 응급 상황이 준비되지 않았습니다.
2,소화기와 관련된 응급 상황이 준비되지 않았습니다.
2,소화기와 관련된 응급 상황이 준비되지 않았습니다.
3,소화기와 관련된 응급 상황이 준비되지 않았습니다.
3,소화기와 관련된 응급 상황이 준비되지 않았습니다.
3,소화기와 관련된 응급 상황이 준비되지 않았습니다.
4,소화기와 관련된 응급 상황이 준비되지 않았습니다.
2,소화기와 관련된 응급 상황이 준비되지 않았습니다.
3,소화기와 관련된 응급 상황이 준비되지 않았습니다.
3,소화기와 관련된 응급 상황이 준비되지 않았습니다.
4,소화기와 관련된 응급 상황이 준비되지 않았습니다.
4,소화기와 관련된 응급 상황이 준비되지 않았습니다.
5,소화기와 관련된 응급 상황이 준비되지 않았습니다.
5,소화기와 관련된 응급 상황이 준비되지 않았습니다.
2,소화기와 관련된 응급 상황이 준비되지 않았습니다.
2,소화기와 관련된 응급 상황이 준비되지 않았습니다.
2,소화기와 관련된 응급 상황이 준비되지 않았습니다.
2,소화기와 관련된 응급 상황이 준비되지 않았습니다.
2,소화기와 관련된 응급 상황이 준비되지 않았습니다.
3,소화기와 관련된 응급 상황이 준비되지 않았습니다.
3,소화기와 관련된 응급 상황이 준비되지 않았습니다.
3,소화기와 관련된 응급 상황이 준비되지 않았습니다.
4,소화기와 관련된 응급 상황이 준비되지 않았습니다.
3,소화기와 관련된 응급 상황이 준비되지 않았습니다.
4,소화기와 관련된 응급 상황이 준비되지 않았습니다.
5,소화기와 관련된 응급 상황이 준비되지 않았습니다.
5,소화기와 관련된 응급 상황이 준비되지 않았습니다.
2,소화기와 관련된 응급 상황이 준비되지 않았습니다.
2,소화기와 관련된 응급 상황이 준비되지 않았습니다.
2,소화기와 관련된 응급 상황이 준비되지 않았습니다.
,nan와 관련된 응급 상황이 준비되지 않았습니다.
2,소화기와 관련된 응급 상황이 준비되지 않았습니다.
2,소화기와 관련된 응급 상황이 준비되지 않았습니다.
3,소화기와 관련된 응급 상황이 준비되지 않았습니다.
3,소화기와 관련된 응급 상황이 준비되지 않았습니다.
3,소화기와 관련된 응급 상황이 준비되지 않았습니다.
4,소화기와 관련된 응급 상황이 준비되지 않았습니다.
2,소화기와 관련된 응급 상황이 준비되지 않았습니다.
3,소화기와 관련된 응급 상황이 준비되지 않았습니다.
3,소화기와 관련된 응급 상황이 준비되지 않았습니다.
4,소화기와 관련된 응급 상황이 준비되지 않았습니다.
4,소화기와 관련된 응급 상황이 준비되지 않았습니다.
5,소화기와 관련된 응급 상황이 준비되지 않았습니다.
5,소화기와 관련된 응급 상황이 준비되지 않았습니다.
1,소화기와 관련된 응급 상황이 준비되지 않았습니다.
1,소화기와 관련된 응급 상황이 준비되지 않았습니다.
1,소화기와 관련된 응급 상황이 준비되지 않았습니다.
2,소화기와 관련된 응급 상황이 준비되지 않았습니다.
2,소화기와 관련된 응급 상황이 준비되지 않았습니다.
2,소화기와 관련된 응급 상황이 준비되지 않았습니다.
2,소화기와 관련된 응급 상황이 준비되지 않았습니다.
2,소화기와 관련된 응급 상황이 준비되지 않았습니다.
3,소화기와 관련된 응급 상황이 준비되지 않았습니다.
3,소화기와 관련된 응급 상황이 준비되지 않았습니다.
3,소화기와 관련된 응급 상황이 준비되지 않았습니다.
4,소화기와 관련된 응급 상황이 준비되지 않았습니다.
1,소화기와 관련된 응급 상황이 준비되지 않았습니다.
2,소화기와 관련된 응급 상황이 준비되지 않았습니다.
2,소화기와 관련된 응급 상황이 준비되지 않았습니다.
3,소화기와 관련된 응급 상황이 준비되지 않았습니다.
3,소화기와 관련된 응급 상황이 준비되지 않았습니다.
4,소화기와 관련된 응급 상황이 준비되지 않았습니다.
5,소화기와 관련된 응급 상황이 준비되지 않았습니다.
2,소화기와 관련된 응급 상황이 준비되지 않았습니다.
2,소화기와 관련된 응급 상황이 준비되지 않았습니다.
2,소화기와 관련된 응급 상황이 준비되지 않았습니다.
2,소화기와 관련된 응급 상황이 준비되지 않았습니다.
2,소화기와 관련된 응급 상황이 준비되지 않았습니다.
3,소화기와 관련된 응급 상황이 준비되지 않았습니다.
3,소화기와 관련된 응급 상황이 준비되지 않았습니다.
3,소화기와 관련된 응급 상황이 준비되지 않았습니다.
4,소화기와 관련된 응급 상황이 준비되지 않았습니다.
3,소화기와 관련된 응급 상황이 준비되지 않았습니다.
4,소화기와 관련된 응급 상황이 준비되지 않았습니다.
4,소화기와 관련된 응급 상황이 준비되지 않았습니다.
5,소화기와 관련된 응급 상황이 준비되지 않았습니다.
5,소화기와 관련된 응급 상황이 준비되지 않았습니다.
1,소화기와 관련된 응급 상황이 준비되지 않았습니다.
1,소화기와 관련된 응급 상황이 준비되지 않았습니다.
1,소화기와 관련된 응급 상황이 준비되지 않았습니다.
2,소화기와 관련된 응급 상황이 준비되지 않았습니다.
2,소화기와 관련된 응급 상황이 준비되지 않았습니다.
2,소화기와 관련된 응급 상황이 준비되지 않았습니다.
2,소화기와 관련된 응급 상황이 준비되지 않았습니다.
2,소화기와 관련된 응급 상황이 준비되지 않았습니다.
3,소화기와 관련된 응급 상황이 준비되지 않았습니다.
3,소화기와 관련된 응급 상황이 준비되지 않았습니다.
4,소화기와 관련된 응급 상황이 준비되지 않았습니다.
3,소화기와 관련된 응급 상황이 준비되지 않았습니다.
1,소화기와 관련된 응급 상황이 준비되지 않았습니다.
2,소화기와 관련된 응급 상황이 준비되지 않았습니다.
3,소화기와 관련된 응급 상황이 준비되지 않았습니다.
3,소화기와 관련된 응급 상황이 준비되지 않았습니다.
5,소화기와 관련된 응급 상황이 준비되지 않았습니다.
1,소화기와 관련된 응급 상황이 준비되지 않았습니다.
1,소화기와 관련된 응급 상황이 준비되지 않았습니다.
1,소화기와 관련된 응급 상황이 준비되지 않았습니다.
2,소화기와 관련된 응급 상황이 준비되지 않았습니다.
2,소화기와 관련된 응급 상황이 준비되지 않았습니다.
2,소화기와 관련된 응급 상황이 준비되지 않았습니다.
2,소화기와 관련된 응급 상황이 준비되지 않았습니다.
2,소화기와 관련된 응급 상황이 준비되지 않았습니다.
3,소화기와 관련된 응급 상황이 준비되지 않았습니다.
3,소화기와 관련된 응급 상황이 준비되지 않았습니다.
3,소화기와 관련된 응급 상황이 준비되지 않았습니다.
2,소화기와 관련된 응급 상황이 준비되지 않았습니다.
3,소화기와 관련된 응급 상황이 준비되지 않았습니다.
2,소화기와 관련된 응급 상황이 준비되지 않았습니다.
3,소화기와 관련된 응급 상황이 준비되지 않았습니다.
3,소화기와 관련된 응급 상황이 준비되지 않았습니다.
1,소화기와 관련된 응급 상황이 준비되지 않았습니다.
1,소화기와 관련된 응급 상황이 준비되지 않았습니다.
1,소화기와 관련된 응급 상황이 준비되지 않았습니다.
2,소화기와 관련된 응급 상황이 준비되지 않았습니다.
2,소화기와 관련된 응급 상황이 준비되지 않았습니다.
2,소화기와 관련된 응급 상황이 준비되지 않았습니다.
2,소화기와 관련된 응급 상황이 준비되지 않았습니다.
2,소화기와 관련된 응급 상황이 준비되지 않았습니다.
3,소화기와 관련된 응급 상황이 준비되지 않았습니다.
3,소화기와 관련된 응급 상황이 준비되지 않았습니다.
3,소화기와 관련된 응급 상황이 준비되지 않았습니다.
4,소화기와 관련된 응급 상황이 준비되지 않았습니다.
2,소화기와 관련된 응급 상황이 준비되지 않았습니다.
3,소화기와 관련된 응급 상황이 준비되지 않았습니다.
2,소화기와 관련된 응급 상황이 준비되지 않았습니다.
3,소화기와 관련된 응급 상황이 준비되지 않았습니다.
4,소화기와 관련된 응급 상황이 준비되지 않았습니다.
2,소화기와 관련된 응급 상황이 준비되지 않았습니다.
2,소화기와 관련된 응급 상황이 준비되지 않았습니다.
2,소화기와 관련된 응급 상황이 준비되지 않았습니다.
2,소화기와 관련된 응급 상황이 준비되지 않았습니다.
2,소화기와 관련된 응급 상황이 준비되지 않았습니다.
4,소화기와 관련된 응급 상황이 준비되지 않았습니다.
3,소화기와 관련된 응급 상황이 준비되지 않았습니다.
3,소화기와 관련된 응급 상황이 준비되지 않았습니다.
3,소화기와 관련된 응급 상황이 준비되지 않았습니다.
2,소화기와 관련된 응급 상황이 준비되지 않았습니다.
3,소화기와 관련된 응급 상황이 준비되지 않았습니다.
3,소화기와 관련된 응급 상황이 준비되지 않았습니다.
4,소화기와 관련된 응급 상황이 준비되지 않았습니다.
4,소화기와 관련된 응급 상황이 준비되지 않았습니다.
5,소화기와 관련된 응급 상황이 준비되지 않았습니다.
5,소화기와 관련된 응급 상황이 준비되지 않았습니다.
3,소화기와 관련된 응급 상황이 준비되지 않았습니다.
4,소화기와 관련된 응급 상황이 준비되지 않았습니다.
3,소화기와 관련된 응급 상황이 준비되지 않았습니다.
4,소화기와 관련된 응급 상황이 준비되지 않았습니다.
5,소화기와 관련된 응급 상황이 준비되지 않았습니다.
5,소화기와 관련된 응급 상황이 준비되지 않았습니다.
1,소화기와 관련된 응급 상황이 준비되지 않았습니다.
1,소화기와 관련된 응급 상황이 준비되지 않았습니다.
1,소화기와 관련된 응급 상황이 준비되지 않았습니다.
2,소화기와 관련된 응급 상황이 준비되지 않았습니다.
2,소화기와 관련된 응급 상황이 준비되지 않았습니다.
2,소화기와 관련된 응급 상황이 준비되지 않았습니다.
2,소화기와 관련된 응급 상황이 준비되지 않았습니다.
2,소화기와 관련된 응급 상황이 준비되지 않았습니다.
3,소화기와 관련된 응급 상황이 준비되지 않았습니다.
3,소화기와 관련된 응급 상황이 준비되지 않았습니다.
3,소화기와 관련된 응급 상황이 준비되지 않았습니다.
4,소화기와 관련된 응급 상황이 준비되지 않았습니다.
2,소화기와 관련된 응급 상황이 준비되지 않았습니다.
3,소화기와 관련된 응급 상황이 준비되지 않았습니다.
3,소화기와 관련된 응급 상황이 준비되지 않았습니다.
4,소화기와 관련된 응급 상황이 준비되지 않았습니다.
4,소화기와 관련된 응급 상황이 준비되지 않았습니다.
5,소화기와 관련된 응급 상황이 준비되지 않았습니다.
3,소화기와 관련된 응급 상황이 준비되지 않았습니다.
5,소화기와 관련된 응급 상황이 준비되지 않았습니다.
2,소화기와 관련된 응급 상황이 준비되지 않았습니다.
2,소화기와 관련된 응급 상황이 준비되지 않았습니다.
2,소화기와 관련된 응급 상황이 준비되지 않았습니다.
2,소화기와 관련된 응급 상황이 준비되지 않았습니다.
2,소화기와 관련된 응급 상황이 준비되지 않았습니다.
3,소화기와 관련된 응급 상황이 준비되지 않았습니다.
3,소화기와 관련된 응급 상황이 준비되지 않았습니다.
3,소화기와 관련된 응급 상황이 준비되지 않았습니다.
4,소화기와 관련된 응급 상황이 준비되지 않았습니다.
2,소화기와 관련된 응급 상황이 준비되지 않았습니다.
2,소화기와 관련된 응급 상황이 준비되지 않았습니다.
3,소화기와 관련된 응급 상황이 준비되지 않았습니다.
3,소화기와 관련된 응급 상황이 준비되지 않았습니다.
4,소화기와 관련된 응급 상황이 준비되지 않았습니다.
5,소화기와 관련된 응급 상황이 준비되지 않았습니다.
1,소화기와 관련된 응급 상황이 준비되지 않았습니다.
1,소화기와 관련된 응급 상황이 준비되지 않았습니다.
1,소화기와 관련된 응급 상황이 준비되지 않았습니다.
2,소화기와 관련된 응급 상황이 준비되지 않았습니다.
2,소화기와 관련된 응급 상황이 준비되지 않았습니다.
2,소화기와 관련된 응급 상황이 준비되지 않았습니다.
2,소화기와 관련된 응급 상황이 준비되지 않았습니다.
2,소화기와 관련된 응급 상황이 준비되지 않았습니다.
3,소화기와 관련된 응급 상황이 준비되지 않았습니다.
3,소화기와 관련된 응급 상황이 준비되지 않았습니다.
3,소화기와 관련된 응급 상황이 준비되지 않았습니다.
4,소화기와 관련된 응급 상황이 준비되지 않았습니다.
2,소화기와 관련된 응급 상황이 준비되지 않았습니다.
3,소화기와 관련된 응급 상황이 준비되지 않았습니다.
4,소화기와 관련된 응급 상황이 준비되지 않았습니다.
2,소화기와 관련된 응급 상황이 준비되지 않았습니다.
2,소화기와 관련된 응급 상황이 준비되지 않았습니다.
3,소화기와 관련된 응급 상황이 준비되지 않았습니다.
4,소화기와 관련된 응급 상황이 준비되지 않았습니다.
1,조산이 의심되는 상황에서 복통과 출혈이 동반된 상황 상태에서 생리문제 상황이 중증 호흡곤란로 이어짐
1,자궁외 임신으로 인해 극심한 복통과 출혈이 발생한 상황 상태에서 생리문제 상황이 쇼크로 이어짐
1,임신중독증으로 인해 혈압 상승과 부종이 발생한 상황 상태에서 생리문제 상황이 무의식(GCS 3-8)로 이어짐
2,분만 중 자궁 수축이 약해진 상황 상태에서 생리문제 상황이 중등도 호흡곤란로 이어짐
2,난소 낭종 파열로 인해 복부 통증과 출혈이 동반된 상황 상태에서 생리문제 상황이 혈역학적 장애로 이어짐
2,조산이 의심되는 상황에서 복통과 출혈이 동반된 상황 상태에서 생리문제 상황이 의식변화(GCS 9-13)로 이어짐
2,"자궁외 임신으로 인해 극심한 복통과 출혈이 발생한 상황 상태에서 생리문제 상황이 열,면역억제 상태로 이어짐"
2,임신중독증으로 인해 혈압 상승과 부종이 발생한 상황 상태에서 생리문제 상황이 패혈증 의증(3 SIRS 기준만족)로 이어짐
3,분만 중 자궁 수축이 약해진 상황 상태에서 생리문제 상황이 경증 호흡곤란로 이어짐
3,"난소 낭종 파열로 인해 복부 통증과 출혈이 동반된 상황 상태에서 생리문제 상황이 비정상 맥박수/맥박압 (혈역학적으로
안정)로 이어짐"
3,"조산이 의심되는 상황에서 복통과 출혈이 동반된 상황 상태에서 생리문제 상황이 열(아파보임),<3 SIRS 기준 만족로 이어짐"
4,"자궁외 임신으로 인해 극심한 복통과 출혈이 발생한 상황 상태에서 생리문제 상황이 열(건강해보임), 1SIRS 기준만족(열)로 이어짐"
2,임신중독증으로 인해 혈압 상승과 부종이 발생한 상황 상태에서 생리문제 상황이 급성 중심성 중증 통증(8-10)로 이어짐
3,분만 중 자궁 수축이 약해진 상황 상태에서 생리문제 상황이 급성 중심성 중등도 통증(4-7)로 이어짐
4,난소 낭종 파열로 인해 복부 통증과 출혈이 동반된 상황 상태에서 생리문제 상황이 급성 중심성 경증 통증(<4)로 이어짐
4,조산이 의심되는 상황에서 복통과 출혈이 동반된 상황 상태에서 생리문제 상황이 생리문제로 이어짐
1,자궁외 임신으로 인해 극심한 복통과 출혈이 발생한 상황 상태에서 질내 이물질 상황이 중증 호흡곤란로 이어짐
1,임신중독증으로 인해 혈압 상승과 부종이 발생한 상황 상태에서 질내 이물질 상황이 쇼크로 이어짐
1,분만 중 자궁 수축이 약해진 상황 상태에서 질내 이물질 상황이 무의식(GCS 3-8)로 이어짐
2,난소 낭종 파열로 인해 복부 통증과 출혈이 동반된 상황 상태에서 질내 이물질 상황이 중등도 호흡곤란로 이어짐
2,조산이 의심되는 상황에서 복통과 출혈이 동반된 상황 상태에서 질내 이물질 상황이 혈역학적 장애로 이어짐
2,자궁외 임신으로 인해 극심한 복통과 출혈이 발생한 상황 상태에서 질내 이물질 상황이 의식변화(GCS 9-13)로 이어짐
2,"임신중독증으로 인해 혈압 상승과 부종이 발생한 상황 상태에서 질내 이물질 상황이 열,면역억제 상태로 이어짐"
2,분만 중 자궁 수축이 약해진 상황 상태에서 질내 이물질 상황이 패혈증 의증(3 SIRS 기준만족)로 이어짐
3,난소 낭종 파열로 인해 복부 통증과 출혈이 동반된 상황 상태에서 질내 이물질 상황이 경증 호흡곤란로 이어짐
3,"조산이 의심되는 상황에서 복통과 출혈이 동반된 상황 상태에서 질내 이물질 상황이 비정상 맥박수/맥박압 (혈역학적으로
안정)로 이어짐"
3,"자궁외 임신으로 인해 극심한 복통과 출혈이 발생한 상황 상태에서 질내 이물질 상황이 열(아파보임),<3 SIRS 기준 만족로 이어짐"
4,"임신중독증으로 인해 혈압 상승과 부종이 발생한 상황 상태에서 질내 이물질 상황이 열(건강해보임), 1SIRS 기준만족(열)로 이어짐"
3,분만 중 자궁 수축이 약해진 상황 상태에서 질내 이물질 상황이 급성 말초성 중증 통증 (8-10)로 이어짐
4,난소 낭종 파열로 인해 복부 통증과 출혈이 동반된 상황 상태에서 질내 이물질 상황이 급성 말초성 중등도 통증(4-7)로 이어짐
5,조산이 의심되는 상황에서 복통과 출혈이 동반된 상황 상태에서 질내 이물질 상황이 급성 말초성 경증 통증(<4)로 이어짐
5,자궁외 임신으로 인해 극심한 복통과 출혈이 발생한 상황 상태에서 질내 이물질 상황이 질내 이물질로 이어짐
2,임신중독증으로 인해 혈압 상승과 부종이 발생한 상황 상태에서 질 분비물 상황이 중등도 호흡곤란로 이어짐
2,분만 중 자궁 수축이 약해진 상황 상태에서 질 분비물 상황이 혈역학적 장애로 이어짐
2,난소 낭종 파열로 인해 복부 통증과 출혈이 동반된 상황 상태에서 질 분비물 상황이 의식변화(GCS 9-13)로 이어짐
2,"조산이 의심되는 상황에서 복통과 출혈이 동반된 상황 상태에서 질 분비물 상황이 열,면역억제 상태로 이어짐"
2,자궁외 임신으로 인해 극심한 복통과 출혈이 발생한 상황 상태에서 질 분비물 상황이 패혈증 의증(3 SIRS 기준만족)로 이어짐
3,임신중독증으로 인해 혈압 상승과 부종이 발생한 상황 상태에서 질 분비물 상황이 경증 호흡곤란로 이어짐
3,"분만 중 자궁 수축이 약해진 상황 상태에서 질 분비물 상황이 비정상 맥박수/맥박압 (혈역학적으로
안정)로 이어짐"
3,"난소 낭종 파열로 인해 복부 통증과 출혈이 동반된 상황 상태에서 질 분비물 상황이 열(아파보임),<3 SIRS 기준 만족로 이어짐"
4,"조산이 의심되는 상황에서 복통과 출혈이 동반된 상황 상태에서 질 분비물 상황이 열(건강해보임), 1SIRS 기준만족(열)로 이어짐"
3,자궁외 임신으로 인해 극심한 복통과 출혈이 발생한 상황 상태에서 질 분비물 상황이 급성 말초성 중증 통증 (8-10)로 이어짐
4,임신중독증으로 인해 혈압 상승과 부종이 발생한 상황 상태에서 질 분비물 상황이 급성 말초성 중등도 통증(4-7)로 이어짐
5,분만 중 자궁 수축이 약해진 상황 상태에서 질 분비물 상황이 급성 말초성 경증 통증(<4)로 이어짐
5,난소 낭종 파열로 인해 복부 통증과 출혈이 동반된 상황 상태에서 질 분비물 상황이 경증인 경우로 이어짐
3,조산이 의심되는 상황에서 복통과 출혈이 동반된 상황 상태에서 질통증/가려움 상황이 급성 말초성 중증 통증 (8-10)로 이어짐
4,자궁외 임신으로 인해 극심한 복통과 출혈이 발생한 상황 상태에서 질통증/가려움 상황이 급성 말초성 중등도 통증(4-7)로 이어짐
5,임신중독증으로 인해 혈압 상승과 부종이 발생한 상황 상태에서 질통증/가려움 상황이 급성 말초성 경증 통증(<4)로 이어짐
5,"분만 중 자궁 수축이 약해진 상황 상태에서 질통증/가려움 상황이 질통증, 가려움 동반로 이어짐"
1,난소 낭종 파열로 인해 복부 통증과 출혈이 동반된 상황 상태에서 질출혈 상황이 중증 호흡곤란로 이어짐
1,조산이 의심되는 상황에서 복통과 출혈이 동반된 상황 상태에서 질출혈 상황이 쇼크로 이어짐
1,자궁외 임신으로 인해 극심한 복통과 출혈이 발생한 상황 상태에서 질출혈 상황이 무의식(GCS 3-8)로 이어짐
2,임신중독증으로 인해 혈압 상승과 부종이 발생한 상황 상태에서 질출혈 상황이 중등도 호흡곤란로 이어짐
2,분만 중 자궁 수축이 약해진 상황 상태에서 질출혈 상황이 혈역학적 장애로 이어짐
2,난소 낭종 파열로 인해 복부 통증과 출혈이 동반된 상황 상태에서 질출혈 상황이 의식변화(GCS 9-13)로 이어짐
2,"조산이 의심되는 상황에서 복통과 출혈이 동반된 상황 상태에서 질출혈 상황이 열,면역억제 상태로 이어짐"
2,자궁외 임신으로 인해 극심한 복통과 출혈이 발생한 상황 상태에서 질출혈 상황이 패혈증 의증(3 SIRS 기준만족)로 이어짐
3,임신중독증으로 인해 혈압 상승과 부종이 발생한 상황 상태에서 질출혈 상황이 경증 호흡곤란로 이어짐
3,"분만 중 자궁 수축이 약해진 상황 상태에서 질출혈 상황이 비정상 맥박수/맥박압 (혈역학적으로
안정)로 이어짐"
3,"난소 낭종 파열로 인해 복부 통증과 출혈이 동반된 상황 상태에서 질출혈 상황이 열(아파보임),<3 SIRS 기준 만족로 이어짐"
4,"조산이 의심되는 상황에서 복통과 출혈이 동반된 상황 상태에서 질출혈 상황이 열(건강해보임), 1SIRS 기준만족(열)로 이어짐"
2,자궁외 임신으로 인해 극심한 복통과 출혈이 발생한 상황 상태에서 질출혈 상황이 급성 중심성 중증 통증(8-10)로 이어짐
2,"임신중독증으로 인해 혈압 상승과 부종이 발생한 상황 상태에서 질출혈 상황이 출혈성 질환(생명이나 사지에 위급한
출혈)로 이어짐"
3,분만 중 자궁 수축이 약해진 상황 상태에서 질출혈 상황이 급성 중심성 중등도 통증(4-7)로 이어짐
3,난소 낭종 파열로 인해 복부 통증과 출혈이 동반된 상황 상태에서 질출혈 상황이 출혈성 질환(중등도나 경증의 출혈)로 이어짐
4,조산이 의심되는 상황에서 복통과 출혈이 동반된 상황 상태에서 질출혈 상황이 급성 중심성 경증 통증(<4)로 이어짐
1,자궁외 임신으로 인해 극심한 복통과 출혈이 발생한 상황 상태에서 질출혈 상황이 임신과 관련된 다량의 질출혈로 이어짐
2,임신중독증으로 인해 혈압 상승과 부종이 발생한 상황 상태에서 질출혈 상황이 임신과 관련없는 다량의 질출혈로 이어짐
3,분만 중 자궁 수축이 약해진 상황 상태에서 질출혈 상황이 질출혈-정상활력징후로 이어짐
4,난소 낭종 파열로 인해 복부 통증과 출혈이 동반된 상황 상태에서 질출혈 상황이 질출혈-경증/점상출혈로 이어짐
2,조산이 의심되는 상황에서 복통과 출혈이 동반된 상황 상태에서 음순부종 상황이 중등도 호흡곤란로 이어짐
2,자궁외 임신으로 인해 극심한 복통과 출혈이 발생한 상황 상태에서 음순부종 상황이 혈역학적 장애로 이어짐
2,임신중독증으로 인해 혈압 상승과 부종이 발생한 상황 상태에서 음순부종 상황이 의식변화(GCS 9-13)로 이어짐
2,"분만 중 자궁 수축이 약해진 상황 상태에서 음순부종 상황이 열,면역억제 상태로 이어짐"
2,난소 낭종 파열로 인해 복부 통증과 출혈이 동반된 상황 상태에서 음순부종 상황이 패혈증 의증(3 SIRS 기준만족)로 이어짐
3,조산이 의심되는 상황에서 복통과 출혈이 동반된 상황 상태에서 음순부종 상황이 경증 호흡곤란로 이어짐
3,"자궁외 임신으로 인해 극심한 복통과 출혈이 발생한 상황 상태에서 음순부종 상황이 비정상 맥박수/맥박압 (혈역학적으로
안정)로 이어짐"
3,"임신중독증으로 인해 혈압 상승과 부종이 발생한 상황 상태에서 음순부종 상황이 열(아파보임),<3 SIRS 기준 만족로 이어짐"
4,"분만 중 자궁 수축이 약해진 상황 상태에서 음순부종 상황이 열(건강해보임), 1SIRS 기준만족(열)로 이어짐"
3,난소 낭종 파열로 인해 복부 통증과 출혈이 동반된 상황 상태에서 음순부종 상황이 급성 말초성 중증 통증 (8-10)로 이어짐
4,조산이 의심되는 상황에서 복통과 출혈이 동반된 상황 상태에서 음순부종 상황이 급성 말초성 중등도 통증(4-7)로 이어짐
5,자궁외 임신으로 인해 극심한 복통과 출혈이 발생한 상황 상태에서 음순부종 상황이 급성 말초성 경증 통증(<4)로 이어짐
5,임신중독증으로 인해 혈압 상승과 부종이 발생한 상황 상태에서 음순부종 상황이 음순부종로 이어짐
1,분만 중 자궁 수축이 약해진 상황 상태에서 20주 미만의 임신 상황이 중증 호흡곤란로 이어짐
1,난소 낭종 파열로 인해 복부 통증과 출혈이 동반된 상황 상태에서 20주 미만의 임신 상황이 쇼크로 이어짐
1,조산이 의심되는 상황에서 복통과 출혈이 동반된 상황 상태에서 20주 미만의 임신 상황이 무의식(GCS 3-8)로 이어짐
2,자궁외 임신으로 인해 극심한 복통과 출혈이 발생한 상황 상태에서 20주 미만의 임신 상황이 중등도 호흡곤란로 이어짐
2,임신중독증으로 인해 혈압 상승과 부종이 발생한 상황 상태에서 20주 미만의 임신 상황이 혈역학적 장애로 이어짐
2,분만 중 자궁 수축이 약해진 상황 상태에서 20주 미만의 임신 상황이 의식변화(GCS 9-13)로 이어짐
2,"난소 낭종 파열로 인해 복부 통증과 출혈이 동반된 상황 상태에서 20주 미만의 임신 상황이 열,면역억제 상태로 이어짐"
2,조산이 의심되는 상황에서 복통과 출혈이 동반된 상황 상태에서 20주 미만의 임신 상황이 패혈증 의증(3 SIRS 기준만족)로 이어짐
3,자궁외 임신으로 인해 극심한 복통과 출혈이 발생한 상황 상태에서 20주 미만의 임신 상황이 경증 호흡곤란로 이어짐
3,"임신중독증으로 인해 혈압 상승과 부종이 발생한 상황 상태에서 20주 미만의 임신 상황이 비정상 맥박수/맥박압 (혈역학적으로
안정)로 이어짐"
3,"분만 중 자궁 수축이 약해진 상황 상태에서 20주 미만의 임신 상황이 열(아파보임),<3 SIRS 기준 만족로 이어짐"
4,"난소 낭종 파열로 인해 복부 통증과 출혈이 동반된 상황 상태에서 20주 미만의 임신 상황이 열(건강해보임), 1SIRS 기준만족(열)로 이어짐"
2,조산이 의심되는 상황에서 복통과 출혈이 동반된 상황 상태에서 20주 미만의 임신 상황이 급성 중심성 중증 통증(8-10)로 이어짐
2,"자궁외 임신으로 인해 극심한 복통과 출혈이 발생한 상황 상태에서 20주 미만의 임신 상황이 출혈성 질환(생명이나 사지에 위급한
출혈)로 이어짐"
2,임신중독증으로 인해 혈압 상승과 부종이 발생한 상황 상태에서 20주 미만의 임신 상황이 고위험성 사고기전로 이어짐
3,분만 중 자궁 수축이 약해진 상황 상태에서 20주 미만의 임신 상황이 급성 중심성 중등도 통증(4-7)로 이어짐
3,난소 낭종 파열로 인해 복부 통증과 출혈이 동반된 상황 상태에서 20주 미만의 임신 상황이 출혈성 질환(중등도나 경증의 출혈)로 이어짐
4,조산이 의심되는 상황에서 복통과 출혈이 동반된 상황 상태에서 20주 미만의 임신 상황이 급성 중심성 경증 통증(<4)로 이어짐
2,"자궁외 임신으로 인해 극심한 복통과 출혈이 발생한 상황 상태에서 20주 미만의 임신 상황이 임신과 관련되거나 다른 원인으로 인한
다량의 질출혈로 이어짐"
3,임신중독증으로 인해 혈압 상승과 부종이 발생한 상황 상태에서 20주 미만의 임신 상황이 질출혈 (활력징후 정상)로 이어짐
4,분만 중 자궁 수축이 약해진 상황 상태에서 20주 미만의 임신 상황이 질출혈 (경증/점상출혈)로 이어짐
4,난소 낭종 파열로 인해 복부 통증과 출혈이 동반된 상황 상태에서 20주 미만의 임신 상황이 임신주수<20주로 이어짐
1,조산이 의심되는 상황에서 복통과 출혈이 동반된 상황 상태에서 20주 이상의 임신 상황이 중증 호흡곤란로 이어짐
1,자궁외 임신으로 인해 극심한 복통과 출혈이 발생한 상황 상태에서 20주 이상의 임신 상황이 쇼크로 이어짐
1,임신중독증으로 인해 혈압 상승과 부종이 발생한 상황 상태에서 20주 이상의 임신 상황이 무의식(GCS 3-8)로 이어짐
2,분만 중 자궁 수축이 약해진 상황 상태에서 20주 이상의 임신 상황이 중등도 호흡곤란로 이어짐
2,난소 낭종 파열로 인해 복부 통증과 출혈이 동반된 상황 상태에서 20주 이상의 임신 상황이 혈역학적 장애로 이어짐
2,조산이 의심되는 상황에서 복통과 출혈이 동반된 상황 상태에서 20주 이상의 임신 상황이 의식변화(GCS 9-13)로 이어짐
2,"자궁외 임신으로 인해 극심한 복통과 출혈이 발생한 상황 상태에서 20주 이상의 임신 상황이 열,면역억제 상태로 이어짐"
2,임신중독증으로 인해 혈압 상승과 부종이 발생한 상황 상태에서 20주 이상의 임신 상황이 패혈증 의증(3 SIRS 기준만족)로 이어짐
3,분만 중 자궁 수축이 약해진 상황 상태에서 20주 이상의 임신 상황이 경증 호흡곤란로 이어짐
3,"난소 낭종 파열로 인해 복부 통증과 출혈이 동반된 상황 상태에서 20주 이상의 임신 상황이 비정상 맥박수/맥박압 (혈역학적으로
안정)로 이어짐"
3,"조산이 의심되는 상황에서 복통과 출혈이 동반된 상황 상태에서 20주 이상의 임신 상황이 열(아파보임),<3 SIRS 기준 만족로 이어짐"
4,"자궁외 임신으로 인해 극심한 복통과 출혈이 발생한 상황 상태에서 20주 이상의 임신 상황이 열(건강해보임), 1SIRS 기준만족(열)로 이어짐"
2,임신중독증으로 인해 혈압 상승과 부종이 발생한 상황 상태에서 20주 이상의 임신 상황이 급성 중심성 중증 통증(8-10)로 이어짐
2,"분만 중 자궁 수축이 약해진 상황 상태에서 20주 이상의 임신 상황이 출혈성 질환(생명이나 사지에 위급한
출혈)로 이어짐"
2,난소 낭종 파열로 인해 복부 통증과 출혈이 동반된 상황 상태에서 20주 이상의 임신 상황이 고위험성 사고기전로 이어짐
3,조산이 의심되는 상황에서 복통과 출혈이 동반된 상황 상태에서 20주 이상의 임신 상황이 급성 중심성 중등도 통증(4-7)로 이어짐
3,자궁외 임신으로 인해 극심한 복통과 출혈이 발생한 상황 상태에서 20주 이상의 임신 상황이 출혈성 질환(중등도나 경증의 출혈)로 이어짐
4,임신중독증으로 인해 혈압 상승과 부종이 발생한 상황 상태에서 20주 이상의 임신 상황이 급성 중심성 경증 통증(<4)로 이어짐
1,분만 중 자궁 수축이 약해진 상황 상태에서 20주 이상의 임신 상황이 태아의 일부분이 보이거나 탯줄 탈출로 이어짐
1,난소 낭종 파열로 인해 복부 통증과 출혈이 동반된 상황 상태에서 20주 이상의 임신 상황이 임신말기의 질출혈로 이어짐
2,조산이 의심되는 상황에서 복통과 출혈이 동반된 상황 상태에서 20주 이상의 임신 상황이 분만(자궁수축<2분)로 이어짐
2,"자궁외 임신으로 인해 극심한 복통과 출혈이 발생한 상황 상태에서 20주 이상의 임신 상황이 임신주수>20주, 태동없음/태아심음없음로 이어짐"
2,"임신중독증으로 인해 혈압 상승과 부종이 발생한 상황 상태에서 20주 이상의 임신 상황이 임신주수>20주, 두통±부종±복부통증±
고혈압로 이어짐"
2,분만 중 자궁 수축이 약해진 상황 상태에서 20주 이상의 임신 상황이 출산직후로 이어짐
3,난소 낭종 파열로 인해 복부 통증과 출혈이 동반된 상황 상태에서 20주 이상의 임신 상황이 분만(자궁수축>2분)로 이어짐
3,"조산이 의심되는 상황에서 복통과 출혈이 동반된 상황 상태에서 20주 이상의 임신 상황이 임신주수>20주, 양수 누출 가능성로 이어짐"
4,자궁외 임신으로 인해 극심한 복통과 출혈이 발생한 상황 상태에서 20주 이상의 임신 상황이 임신주수>20주로 이어짐
1,임신중독증으로 인해 혈압 상승과 부종이 발생한 상황 상태에서 성폭행 상황이 중증 호흡곤란로 이어짐
1,분만 중 자궁 수축이 약해진 상황 상태에서 성폭행 상황이 쇼크로 이어짐
1,난소 낭종 파열로 인해 복부 통증과 출혈이 동반된 상황 상태에서 성폭행 상황이 무의식(GCS 3-8)로 이어짐
2,조산이 의심되는 상황에서 복통과 출혈이 동반된 상황 상태에서 성폭행 상황이 중등도 호흡곤란로 이어짐
2,자궁외 임신으로 인해 극심한 복통과 출혈이 발생한 상황 상태에서 성폭행 상황이 혈역학적 장애로 이어짐
2,임신중독증으로 인해 혈압 상승과 부종이 발생한 상황 상태에서 성폭행 상황이 의식변화(GCS 9-13)로 이어짐
2,"분만 중 자궁 수축이 약해진 상황 상태에서 성폭행 상황이 열,면역억제 상태로 이어짐"
2,난소 낭종 파열로 인해 복부 통증과 출혈이 동반된 상황 상태에서 성폭행 상황이 패혈증 의증(3 SIRS 기준만족)로 이어짐
3,조산이 의심되는 상황에서 복통과 출혈이 동반된 상황 상태에서 성폭행 상황이 경증 호흡곤란로 이어짐
3,"자궁외 임신으로 인해 극심한 복통과 출혈이 발생한 상황 상태에서 성폭행 상황이 비정상 맥박수/맥박압 (혈역학적으로
안정)로 이어짐"
3,"임신중독증으로 인해 혈압 상승과 부종이 발생한 상황 상태에서 성폭행 상황이 열(아파보임),<3 SIRS 기준 만족로 이어짐"
4,"분만 중 자궁 수축이 약해진 상황 상태에서 성폭행 상황이 열(건강해보임), 1SIRS 기준만족(열)로 이어짐"
2,난소 낭종 파열로 인해 복부 통증과 출혈이 동반된 상황 상태에서 성폭행 상황이 급성 중심성 중증 통증(8-10)로 이어짐
3,조산이 의심되는 상황에서 복통과 출혈이 동반된 상황 상태에서 성폭행 상황이 급성 중심성 중등도 통증(4-7)로 이어짐
4,자궁외 임신으로 인해 극심한 복통과 출혈이 발생한 상황 상태에서 성폭행 상황이 급성 중심성 경증 통증(<4)로 이어짐
2,임신중독증으로 인해 혈압 상승과 부종이 발생한 상황 상태에서 성폭행 상황이 <2시간로 이어짐
3,분만 중 자궁 수축이 약해진 상황 상태에서 성폭행 상황이 >= 2시간부터 <12시간로 이어짐
4,난소 낭종 파열로 인해 복부 통증과 출혈이 동반된 상황 상태에서 성폭행 상황이 >= 12시간; 손상없음로 이어짐
1,신장 결석으로 인해 극심한 옆구리 통증과 혈뇨가 발생한 상황 상태에서 옆구리 통증 상황이 중증 호흡곤란로 이어짐
1,급성 요로 감염으로 인해 배뇨 시 통증과 발열이 동반된 상황 상태에서 옆구리 통증 상황이 쇼크로 이어짐
1,전립선 비대증으로 인해 배뇨 곤란과 잔뇨감이 심화된 상황 상태에서 옆구리 통증 상황이 무의식(GCS 3-8)로 이어짐
2,방광염으로 인해 지속적인 배뇨통과 불쾌감이 동반된 상황 상태에서 옆구리 통증 상황이 중등도 호흡곤란로 이어짐
2,요도 손상으로 인해 혈뇨와 통증이 발생한 상황 상태에서 옆구리 통증 상황이 혈역학적 장애로 이어짐
2,신장 결석으로 인해 극심한 옆구리 통증과 혈뇨가 발생한 상황 상태에서 옆구리 통증 상황이 의식변화(GCS 9-13)로 이어짐
2,"급성 요로 감염으로 인해 배뇨 시 통증과 발열이 동반된 상황 상태에서 옆구리 통증 상황이 열,면역억제 상태로 이어짐"
2,전립선 비대증으로 인해 배뇨 곤란과 잔뇨감이 심화된 상황 상태에서 옆구리 통증 상황이 패혈증 의증(3 SIRS 기준만족)로 이어짐
2,방광염으로 인해 지속적인 배뇨통과 불쾌감이 동반된 상황 상태에서 옆구리 통증 상황이 급성 중심성 중증 통증(8-10)로 이어짐
3,요도 손상으로 인해 혈뇨와 통증이 발생한 상황 상태에서 옆구리 통증 상황이 경증 호흡곤란로 이어짐
3,"신장 결석으로 인해 극심한 옆구리 통증과 혈뇨가 발생한 상황 상태에서 옆구리 통증 상황이 비정상 맥박수/맥박압 (혈역학적으로
안정)로 이어짐"
3,"급성 요로 감염으로 인해 배뇨 시 통증과 발열이 동반된 상황 상태에서 옆구리 통증 상황이 열(아파보임),<3 SIRS 기준 만족로 이어짐"
3,전립선 비대증으로 인해 배뇨 곤란과 잔뇨감이 심화된 상황 상태에서 옆구리 통증 상황이 급성 중심성 중등도 통증(4-7)로 이어짐
3,방광염으로 인해 지속적인 배뇨통과 불쾌감이 동반된 상황 상태에서 옆구리 통증 상황이 만성 중심성 중증 통증(8-10)로 이어짐
4,"요도 손상으로 인해 혈뇨와 통증이 발생한 상황 상태에서 옆구리 통증 상황이 열(건강해보임), 1SIRS 기준만족(열)로 이어짐"
4,신장 결석으로 인해 극심한 옆구리 통증과 혈뇨가 발생한 상황 상태에서 옆구리 통증 상황이 급성 중심성 경증 통증(<4)로 이어짐
4,급성 요로 감염으로 인해 배뇨 시 통증과 발열이 동반된 상황 상태에서 옆구리 통증 상황이 만성 중심성 중등도 통증(4-7)로 이어짐
5,전립선 비대증으로 인해 배뇨 곤란과 잔뇨감이 심화된 상황 상태에서 옆구리 통증 상황이 만성 중심성 경증 통증(<4)로 이어짐
1,방광염으로 인해 지속적인 배뇨통과 불쾌감이 동반된 상황 상태에서 혈뇨 상황이 중증 호흡곤란로 이어짐
1,요도 손상으로 인해 혈뇨와 통증이 발생한 상황 상태에서 혈뇨 상황이 쇼크로 이어짐
1,신장 결석으로 인해 극심한 옆구리 통증과 혈뇨가 발생한 상황 상태에서 혈뇨 상황이 무의식(GCS 3-8)로 이어짐
2,급성 요로 감염으로 인해 배뇨 시 통증과 발열이 동반된 상황 상태에서 혈뇨 상황이 중등도 호흡곤란로 이어짐
2,전립선 비대증으로 인해 배뇨 곤란과 잔뇨감이 심화된 상황 상태에서 혈뇨 상황이 혈역학적 장애로 이어짐
2,방광염으로 인해 지속적인 배뇨통과 불쾌감이 동반된 상황 상태에서 혈뇨 상황이 의식변화(GCS 9-13)로 이어짐
2,"요도 손상으로 인해 혈뇨와 통증이 발생한 상황 상태에서 혈뇨 상황이 열,면역억제 상태로 이어짐"
2,신장 결석으로 인해 극심한 옆구리 통증과 혈뇨가 발생한 상황 상태에서 혈뇨 상황이 패혈증 의증(3 SIRS 기준만족)로 이어짐
3,급성 요로 감염으로 인해 배뇨 시 통증과 발열이 동반된 상황 상태에서 혈뇨 상황이 경증 호흡곤란로 이어짐
3,"전립선 비대증으로 인해 배뇨 곤란과 잔뇨감이 심화된 상황 상태에서 혈뇨 상황이 비정상 맥박수/맥박압 (혈역학적으로
안정)로 이어짐"
3,"방광염으로 인해 지속적인 배뇨통과 불쾌감이 동반된 상황 상태에서 혈뇨 상황이 열(아파보임),<3 SIRS 기준 만족로 이어짐"
4,"요도 손상으로 인해 혈뇨와 통증이 발생한 상황 상태에서 혈뇨 상황이 열(건강해보임), 1SIRS 기준만족(열)로 이어짐"
2,신장 결석으로 인해 극심한 옆구리 통증과 혈뇨가 발생한 상황 상태에서 혈뇨 상황이 급성 중심성 중증 통증(8-10)로 이어짐
2,"급성 요로 감염으로 인해 배뇨 시 통증과 발열이 동반된 상황 상태에서 혈뇨 상황이 출혈성 질환(생명이나 사지에 위급한
출혈)로 이어짐"
3,전립선 비대증으로 인해 배뇨 곤란과 잔뇨감이 심화된 상황 상태에서 혈뇨 상황이 급성 중심성 중등도 통증(4-7)로 이어짐
3,방광염으로 인해 지속적인 배뇨통과 불쾌감이 동반된 상황 상태에서 혈뇨 상황이 급성 말초성 중증 통증 (8-10)로 이어짐
3,요도 손상으로 인해 혈뇨와 통증이 발생한 상황 상태에서 혈뇨 상황이 만성 중심성 중증 통증(8-10)로 이어짐
3,신장 결석으로 인해 극심한 옆구리 통증과 혈뇨가 발생한 상황 상태에서 혈뇨 상황이 출혈성 질환(중등도나 경증의 출혈)로 이어짐
4,급성 요로 감염으로 인해 배뇨 시 통증과 발열이 동반된 상황 상태에서 혈뇨 상황이 급성 중심성 경증 통증(<4)로 이어짐
4,전립선 비대증으로 인해 배뇨 곤란과 잔뇨감이 심화된 상황 상태에서 혈뇨 상황이 급성 말초성 중등도 통증(4-7)로 이어짐
4,방광염으로 인해 지속적인 배뇨통과 불쾌감이 동반된 상황 상태에서 혈뇨 상황이 만성 중심성 중등도 통증(4-7)로 이어짐
4,요도 손상으로 인해 혈뇨와 통증이 발생한 상황 상태에서 혈뇨 상황이 만성 말초성 중증 통증(8-10)로 이어짐
5,신장 결석으로 인해 극심한 옆구리 통증과 혈뇨가 발생한 상황 상태에서 혈뇨 상황이 만성 중심성 경증 통증(<4)로 이어짐
5,급성 요로 감염으로 인해 배뇨 시 통증과 발열이 동반된 상황 상태에서 혈뇨 상황이 급성 말초성 경증 통증(<4)로 이어짐
5,전립선 비대증으로 인해 배뇨 곤란과 잔뇨감이 심화된 상황 상태에서 혈뇨 상황이 만성 말초성 통증(<8)로 이어짐
3,"방광염으로 인해 지속적인 배뇨통과 불쾌감이 동반된 상황 상태에서 생식기의
분비물/피부병변 상황이 경증 호흡곤란로 이어짐"
3,"요도 손상으로 인해 혈뇨와 통증이 발생한 상황 상태에서 생식기의
분비물/피부병변 상황이 비정상 맥박수/맥박압 (혈역학적으로
안정)로 이어짐"
3,"신장 결석으로 인해 극심한 옆구리 통증과 혈뇨가 발생한 상황 상태에서 생식기의
분비물/피부병변 상황이 열(아파보임),<3 SIRS 기준 만족로 이어짐"
4,"급성 요로 감염으로 인해 배뇨 시 통증과 발열이 동반된 상황 상태에서 생식기의
분비물/피부병변 상황이 열(건강해보임), 1SIRS 기준만족(열)로 이어짐"
3,"전립선 비대증으로 인해 배뇨 곤란과 잔뇨감이 심화된 상황 상태에서 생식기의
분비물/피부병변 상황이 급성 말초성 중증 통증 (8-10)로 이어짐"
4,"방광염으로 인해 지속적인 배뇨통과 불쾌감이 동반된 상황 상태에서 생식기의
분비물/피부병변 상황이 급성 말초성 중등도 통증(4-7)로 이어짐"
4,"요도 손상으로 인해 혈뇨와 통증이 발생한 상황 상태에서 생식기의
분비물/피부병변 상황이 만성 말초성 중증 통증(8-10)로 이어짐"
5,"신장 결석으로 인해 극심한 옆구리 통증과 혈뇨가 발생한 상황 상태에서 생식기의
분비물/피부병변 상황이 급성 말초성 경증 통증(<4)로 이어짐"
5,"급성 요로 감염으로 인해 배뇨 시 통증과 발열이 동반된 상황 상태에서 생식기의
분비물/피부병변 상황이 만성 말초성 통증(<8)로 이어짐"
5,"전립선 비대증으로 인해 배뇨 곤란과 잔뇨감이 심화된 상황 상태에서 생식기의
분비물/피부병변 상황이 생식기의 분비물/피부병변로 이어짐"
2,방광염으로 인해 지속적인 배뇨통과 불쾌감이 동반된 상황 상태에서 음경부종 상황이 중등도 호흡곤란로 이어짐
2,요도 손상으로 인해 혈뇨와 통증이 발생한 상황 상태에서 음경부종 상황이 혈역학적 장애로 이어짐
2,신장 결석으로 인해 극심한 옆구리 통증과 혈뇨가 발생한 상황 상태에서 음경부종 상황이 의식변화(GCS 9-13)로 이어짐
2,"급성 요로 감염으로 인해 배뇨 시 통증과 발열이 동반된 상황 상태에서 음경부종 상황이 열,면역억제 상태로 이어짐"
2,전립선 비대증으로 인해 배뇨 곤란과 잔뇨감이 심화된 상황 상태에서 음경부종 상황이 패혈증 의증(3 SIRS 기준만족)로 이어짐
3,방광염으로 인해 지속적인 배뇨통과 불쾌감이 동반된 상황 상태에서 음경부종 상황이 경증 호흡곤란로 이어짐
3,"요도 손상으로 인해 혈뇨와 통증이 발생한 상황 상태에서 음경부종 상황이 비정상 맥박수/맥박압 (혈역학적으로
안정)로 이어짐"
3,"신장 결석으로 인해 극심한 옆구리 통증과 혈뇨가 발생한 상황 상태에서 음경부종 상황이 열(아파보임),<3 SIRS 기준 만족로 이어짐"
4,"급성 요로 감염으로 인해 배뇨 시 통증과 발열이 동반된 상황 상태에서 음경부종 상황이 열(건강해보임), 1SIRS 기준만족(열)로 이어짐"
3,전립선 비대증으로 인해 배뇨 곤란과 잔뇨감이 심화된 상황 상태에서 음경부종 상황이 급성 말초성 중증 통증 (8-10)로 이어짐
4,방광염으로 인해 지속적인 배뇨통과 불쾌감이 동반된 상황 상태에서 음경부종 상황이 급성 말초성 중등도 통증(4-7)로 이어짐
4,요도 손상으로 인해 혈뇨와 통증이 발생한 상황 상태에서 음경부종 상황이 만성 말초성 중증 통증(8-10)로 이어짐
5,신장 결석으로 인해 극심한 옆구리 통증과 혈뇨가 발생한 상황 상태에서 음경부종 상황이 급성 말초성 경증 통증(<4)로 이어짐
5,급성 요로 감염으로 인해 배뇨 시 통증과 발열이 동반된 상황 상태에서 음경부종 상황이 만성 말초성 통증(<8)로 이어짐
2,전립선 비대증으로 인해 배뇨 곤란과 잔뇨감이 심화된 상황 상태에서 음경부종 상황이 지속발기증로 이어짐
2,"방광염으로 인해 지속적인 배뇨통과 불쾌감이 동반된 상황 상태에서 음경부종 상황이 감돈포경(안으로 말린 음경꺼풀,
정복되지 않음)로 이어짐"
5,요도 손상으로 인해 혈뇨와 통증이 발생한 상황 상태에서 음경부종 상황이 음경부종로 이어짐
2,신장 결석으로 인해 극심한 옆구리 통증과 혈뇨가 발생한 상황 상태에서 고환 통증/부종 상황이 중등도 호흡곤란로 이어짐
2,급성 요로 감염으로 인해 배뇨 시 통증과 발열이 동반된 상황 상태에서 고환 통증/부종 상황이 혈역학적 장애로 이어짐
2,전립선 비대증으로 인해 배뇨 곤란과 잔뇨감이 심화된 상황 상태에서 고환 통증/부종 상황이 의식변화(GCS 9-13)로 이어짐
2,"방광염으로 인해 지속적인 배뇨통과 불쾌감이 동반된 상황 상태에서 고환 통증/부종 상황이 열,면역억제 상태로 이어짐"
2,요도 손상으로 인해 혈뇨와 통증이 발생한 상황 상태에서 고환 통증/부종 상황이 패혈증 의증(3 SIRS 기준만족)로 이어짐
3,신장 결석으로 인해 극심한 옆구리 통증과 혈뇨가 발생한 상황 상태에서 고환 통증/부종 상황이 경증 호흡곤란로 이어짐
3,"급성 요로 감염으로 인해 배뇨 시 통증과 발열이 동반된 상황 상태에서 고환 통증/부종 상황이 비정상 맥박수/맥박압 (혈역학적으로
안정)로 이어짐"
3,"전립선 비대증으로 인해 배뇨 곤란과 잔뇨감이 심화된 상황 상태에서 고환 통증/부종 상황이 열(아파보임),<3 SIRS 기준 만족로 이어짐"
4,"방광염으로 인해 지속적인 배뇨통과 불쾌감이 동반된 상황 상태에서 고환 통증/부종 상황이 열(건강해보임), 1SIRS 기준만족(열)로 이어짐"
2,요도 손상으로 인해 혈뇨와 통증이 발생한 상황 상태에서 고환 통증/부종 상황이 급성 중심성 중증 통증(8-10)로 이어짐
3,신장 결석으로 인해 극심한 옆구리 통증과 혈뇨가 발생한 상황 상태에서 고환 통증/부종 상황이 급성 중심성 중등도 통증(4-7)로 이어짐
3,급성 요로 감염으로 인해 배뇨 시 통증과 발열이 동반된 상황 상태에서 고환 통증/부종 상황이 만성 중심성 중증 통증(8-10)로 이어짐
4,전립선 비대증으로 인해 배뇨 곤란과 잔뇨감이 심화된 상황 상태에서 고환 통증/부종 상황이 급성 중심성 경증 통증(<4)로 이어짐
4,방광염으로 인해 지속적인 배뇨통과 불쾌감이 동반된 상황 상태에서 고환 통증/부종 상황이 만성 중심성 중등도 통증(4-7)로 이어짐
5,요도 손상으로 인해 혈뇨와 통증이 발생한 상황 상태에서 고환 통증/부종 상황이 만성 중심성 경증 통증(<4)로 이어짐
5,신장 결석으로 인해 극심한 옆구리 통증과 혈뇨가 발생한 상황 상태에서 고환 통증/부종 상황이 고환 통증/부종로 이어짐
2,"급성 요로 감염으로 인해 배뇨 시 통증과 발열이 동반된 상황 상태에서 소변 배출장애 상황이 열,면역억제 상태로 이어짐"
2,전립선 비대증으로 인해 배뇨 곤란과 잔뇨감이 심화된 상황 상태에서 소변 배출장애 상황이 패혈증 의증(3 SIRS 기준만족)로 이어짐
3,"방광염으로 인해 지속적인 배뇨통과 불쾌감이 동반된 상황 상태에서 소변 배출장애 상황이 열(아파보임),<3 SIRS 기준 만족로 이어짐"
4,"요도 손상으로 인해 혈뇨와 통증이 발생한 상황 상태에서 소변 배출장애 상황이 열(건강해보임), 1SIRS 기준만족(열)로 이어짐"
2,신장 결석으로 인해 극심한 옆구리 통증과 혈뇨가 발생한 상황 상태에서 소변 배출장애 상황이 급성 중심성 중증 통증(8-10)로 이어짐
3,급성 요로 감염으로 인해 배뇨 시 통증과 발열이 동반된 상황 상태에서 소변 배출장애 상황이 급성 중심성 중등도 통증(4-7)로 이어짐
3,전립선 비대증으로 인해 배뇨 곤란과 잔뇨감이 심화된 상황 상태에서 소변 배출장애 상황이 만성 중심성 중증 통증(8-10)로 이어짐
4,방광염으로 인해 지속적인 배뇨통과 불쾌감이 동반된 상황 상태에서 소변 배출장애 상황이 급성 중심성 경증 통증(<4)로 이어짐
4,요도 손상으로 인해 혈뇨와 통증이 발생한 상황 상태에서 소변 배출장애 상황이 만성 중심성 중등도 통증(4-7)로 이어짐
5,신장 결석으로 인해 극심한 옆구리 통증과 혈뇨가 발생한 상황 상태에서 소변 배출장애 상황이 만성 중심성 경증 통증(<4)로 이어짐
4,급성 요로 감염으로 인해 배뇨 시 통증과 발열이 동반된 상황 상태에서 소변 배출장애 상황이 소변 배출장애로 이어짐
2,전립선 비대증으로 인해 배뇨 곤란과 잔뇨감이 심화된 상황 상태에서 요로감염 증상 상황이 중등도 호흡곤란로 이어짐
2,방광염으로 인해 지속적인 배뇨통과 불쾌감이 동반된 상황 상태에서 요로감염 증상 상황이 혈역학적 장애로 이어짐
2,요도 손상으로 인해 혈뇨와 통증이 발생한 상황 상태에서 요로감염 증상 상황이 의식변화(GCS 9-13)로 이어짐
2,"신장 결석으로 인해 극심한 옆구리 통증과 혈뇨가 발생한 상황 상태에서 요로감염 증상 상황이 열,면역억제 상태로 이어짐"
2,급성 요로 감염으로 인해 배뇨 시 통증과 발열이 동반된 상황 상태에서 요로감염 증상 상황이 패혈증 의증(3 SIRS 기준만족)로 이어짐
3,전립선 비대증으로 인해 배뇨 곤란과 잔뇨감이 심화된 상황 상태에서 요로감염 증상 상황이 경증 호흡곤란로 이어짐
3,"방광염으로 인해 지속적인 배뇨통과 불쾌감이 동반된 상황 상태에서 요로감염 증상 상황이 비정상 맥박수/맥박압 (혈역학적으로
안정)로 이어짐"
3,"요도 손상으로 인해 혈뇨와 통증이 발생한 상황 상태에서 요로감염 증상 상황이 열(아파보임),<3 SIRS 기준 만족로 이어짐"
4,"신장 결석으로 인해 극심한 옆구리 통증과 혈뇨가 발생한 상황 상태에서 요로감염 증상 상황이 열(건강해보임), 1SIRS 기준만족(열)로 이어짐"
2,급성 요로 감염으로 인해 배뇨 시 통증과 발열이 동반된 상황 상태에서 요로감염 증상 상황이 급성 중심성 중증 통증(8-10)로 이어짐
3,전립선 비대증으로 인해 배뇨 곤란과 잔뇨감이 심화된 상황 상태에서 요로감염 증상 상황이 급성 중심성 중등도 통증(4-7)로 이어짐
3,방광염으로 인해 지속적인 배뇨통과 불쾌감이 동반된 상황 상태에서 요로감염 증상 상황이 급성 말초성 중증 통증 (8-10)로 이어짐
3,요도 손상으로 인해 혈뇨와 통증이 발생한 상황 상태에서 요로감염 증상 상황이 만성 중심성 중증 통증(8-10)로 이어짐
4,신장 결석으로 인해 극심한 옆구리 통증과 혈뇨가 발생한 상황 상태에서 요로감염 증상 상황이 급성 중심성 경증 통증(<4)로 이어짐
4,급성 요로 감염으로 인해 배뇨 시 통증과 발열이 동반된 상황 상태에서 요로감염 증상 상황이 급성 말초성 중등도 통증(4-7)로 이어짐
4,전립선 비대증으로 인해 배뇨 곤란과 잔뇨감이 심화된 상황 상태에서 요로감염 증상 상황이 만성 중심성 중등도 통증(4-7)로 이어짐
5,방광염으로 인해 지속적인 배뇨통과 불쾌감이 동반된 상황 상태에서 요로감염 증상 상황이 만성 중심성 경증 통증(<4)로 이어짐
5,요도 손상으로 인해 혈뇨와 통증이 발생한 상황 상태에서 요로감염 증상 상황이 급성 말초성 경증 통증(<4)로 이어짐
5,"신장 결석으로 인해 극심한 옆구리 통증과 혈뇨가 발생한 상황 상태에서 요로감염 증상 상황이 만성, 경증 요로감염 증상호소/증상로 이어짐"
1,급성 요로 감염으로 인해 배뇨 시 통증과 발열이 동반된 상황 상태에서 핍뇨증 상황이 중증 호흡곤란로 이어짐
1,전립선 비대증으로 인해 배뇨 곤란과 잔뇨감이 심화된 상황 상태에서 핍뇨증 상황이 쇼크로 이어짐
1,방광염으로 인해 지속적인 배뇨통과 불쾌감이 동반된 상황 상태에서 핍뇨증 상황이 무의식(GCS 3-8)로 이어짐
2,요도 손상으로 인해 혈뇨와 통증이 발생한 상황 상태에서 핍뇨증 상황이 중등도 호흡곤란로 이어짐
2,신장 결석으로 인해 극심한 옆구리 통증과 혈뇨가 발생한 상황 상태에서 핍뇨증 상황이 혈역학적 장애로 이어짐
2,급성 요로 감염으로 인해 배뇨 시 통증과 발열이 동반된 상황 상태에서 핍뇨증 상황이 의식변화(GCS 9-13)로 이어짐
2,"전립선 비대증으로 인해 배뇨 곤란과 잔뇨감이 심화된 상황 상태에서 핍뇨증 상황이 열,면역억제 상태로 이어짐"
2,방광염으로 인해 지속적인 배뇨통과 불쾌감이 동반된 상황 상태에서 핍뇨증 상황이 패혈증 의증(3 SIRS 기준만족)로 이어짐
3,요도 손상으로 인해 혈뇨와 통증이 발생한 상황 상태에서 핍뇨증 상황이 경증 호흡곤란로 이어짐
3,"신장 결석으로 인해 극심한 옆구리 통증과 혈뇨가 발생한 상황 상태에서 핍뇨증 상황이 비정상 맥박수/맥박압 (혈역학적으로
안정)로 이어짐"
3,"급성 요로 감염으로 인해 배뇨 시 통증과 발열이 동반된 상황 상태에서 핍뇨증 상황이 열(아파보임),<3 SIRS 기준 만족로 이어짐"
4,"전립선 비대증으로 인해 배뇨 곤란과 잔뇨감이 심화된 상황 상태에서 핍뇨증 상황이 열(건강해보임), 1SIRS 기준만족(열)로 이어짐"
2,방광염으로 인해 지속적인 배뇨통과 불쾌감이 동반된 상황 상태에서 핍뇨증 상황이 급성 중심성 중증 통증(8-10)로 이어짐
3,요도 손상으로 인해 혈뇨와 통증이 발생한 상황 상태에서 핍뇨증 상황이 급성 중심성 중등도 통증(4-7)로 이어짐
4,신장 결석으로 인해 극심한 옆구리 통증과 혈뇨가 발생한 상황 상태에서 핍뇨증 상황이 급성 중심성 경증 통증(<4)로 이어짐
4,급성 요로 감염으로 인해 배뇨 시 통증과 발열이 동반된 상황 상태에서 핍뇨증 상황이 핍뇨증로 이어짐
1,전립선 비대증으로 인해 배뇨 곤란과 잔뇨감이 심화된 상황 상태에서 다뇨증 상황이 중증 호흡곤란로 이어짐
1,방광염으로 인해 지속적인 배뇨통과 불쾌감이 동반된 상황 상태에서 다뇨증 상황이 쇼크로 이어짐
1,요도 손상으로 인해 혈뇨와 통증이 발생한 상황 상태에서 다뇨증 상황이 무의식(GCS 3-8)로 이어짐
2,신장 결석으로 인해 극심한 옆구리 통증과 혈뇨가 발생한 상황 상태에서 다뇨증 상황이 중등도 호흡곤란로 이어짐
2,급성 요로 감염으로 인해 배뇨 시 통증과 발열이 동반된 상황 상태에서 다뇨증 상황이 혈역학적 장애로 이어짐
2,전립선 비대증으로 인해 배뇨 곤란과 잔뇨감이 심화된 상황 상태에서 다뇨증 상황이 의식변화(GCS 9-13)로 이어짐
2,"방광염으로 인해 지속적인 배뇨통과 불쾌감이 동반된 상황 상태에서 다뇨증 상황이 열,면역억제 상태로 이어짐"
2,요도 손상으로 인해 혈뇨와 통증이 발생한 상황 상태에서 다뇨증 상황이 패혈증 의증(3 SIRS 기준만족)로 이어짐
3,신장 결석으로 인해 극심한 옆구리 통증과 혈뇨가 발생한 상황 상태에서 다뇨증 상황이 경증 호흡곤란로 이어짐
3,"급성 요로 감염으로 인해 배뇨 시 통증과 발열이 동반된 상황 상태에서 다뇨증 상황이 비정상 맥박수/맥박압 (혈역학적으로
안정)로 이어짐"
3,"전립선 비대증으로 인해 배뇨 곤란과 잔뇨감이 심화된 상황 상태에서 다뇨증 상황이 열(아파보임),<3 SIRS 기준 만족로 이어짐"
4,"방광염으로 인해 지속적인 배뇨통과 불쾌감이 동반된 상황 상태에서 다뇨증 상황이 열(건강해보임), 1SIRS 기준만족(열)로 이어짐"
2,요도 손상으로 인해 혈뇨와 통증이 발생한 상황 상태에서 다뇨증 상황이 급성 중심성 중증 통증(8-10)로 이어짐
3,신장 결석으로 인해 극심한 옆구리 통증과 혈뇨가 발생한 상황 상태에서 다뇨증 상황이 급성 중심성 중등도 통증(4-7)로 이어짐
4,급성 요로 감염으로 인해 배뇨 시 통증과 발열이 동반된 상황 상태에서 다뇨증 상황이 급성 중심성 경증 통증(<4)로 이어짐
4,전립선 비대증으로 인해 배뇨 곤란과 잔뇨감이 심화된 상황 상태에서 다뇨증 상황이 다뇨증로 이어짐
1,방광염으로 인해 지속적인 배뇨통과 불쾌감이 동반된 상황 상태에서 생식기의 외상 상황이 중증 호흡곤란로 이어짐
1,요도 손상으로 인해 혈뇨와 통증이 발생한 상황 상태에서 생식기의 외상 상황이 쇼크로 이어짐
1,신장 결석으로 인해 극심한 옆구리 통증과 혈뇨가 발생한 상황 상태에서 생식기의 외상 상황이 무의식(GCS 3-8)로 이어짐
2,급성 요로 감염으로 인해 배뇨 시 통증과 발열이 동반된 상황 상태에서 생식기의 외상 상황이 중등도 호흡곤란로 이어짐
2,전립선 비대증으로 인해 배뇨 곤란과 잔뇨감이 심화된 상황 상태에서 생식기의 외상 상황이 혈역학적 장애로 이어짐
2,방광염으로 인해 지속적인 배뇨통과 불쾌감이 동반된 상황 상태에서 생식기의 외상 상황이 의식변화(GCS 9-13)로 이어짐
2,"요도 손상으로 인해 혈뇨와 통증이 발생한 상황 상태에서 생식기의 외상 상황이 열,면역억제 상태로 이어짐"
2,신장 결석으로 인해 극심한 옆구리 통증과 혈뇨가 발생한 상황 상태에서 생식기의 외상 상황이 패혈증 의증(3 SIRS 기준만족)로 이어짐
3,급성 요로 감염으로 인해 배뇨 시 통증과 발열이 동반된 상황 상태에서 생식기의 외상 상황이 경증 호흡곤란로 이어짐
3,"전립선 비대증으로 인해 배뇨 곤란과 잔뇨감이 심화된 상황 상태에서 생식기의 외상 상황이 비정상 맥박수/맥박압 (혈역학적으로
안정)로 이어짐"
3,"방광염으로 인해 지속적인 배뇨통과 불쾌감이 동반된 상황 상태에서 생식기의 외상 상황이 열(아파보임),<3 SIRS 기준 만족로 이어짐"
4,"요도 손상으로 인해 혈뇨와 통증이 발생한 상황 상태에서 생식기의 외상 상황이 열(건강해보임), 1SIRS 기준만족(열)로 이어짐"
2,신장 결석으로 인해 극심한 옆구리 통증과 혈뇨가 발생한 상황 상태에서 생식기의 외상 상황이 급성 중심성 중증 통증(8-10)로 이어짐
2,"급성 요로 감염으로 인해 배뇨 시 통증과 발열이 동반된 상황 상태에서 생식기의 외상 상황이 출혈성 질환(생명이나 사지에 위급한
출혈)로 이어짐"
3,전립선 비대증으로 인해 배뇨 곤란과 잔뇨감이 심화된 상황 상태에서 생식기의 외상 상황이 급성 중심성 중등도 통증(4-7)로 이어짐
3,방광염으로 인해 지속적인 배뇨통과 불쾌감이 동반된 상황 상태에서 생식기의 외상 상황이 만성 중심성 중증 통증(8-10)로 이어짐
3,요도 손상으로 인해 혈뇨와 통증이 발생한 상황 상태에서 생식기의 외상 상황이 출혈성 질환(중등도나 경증의 출혈)로 이어짐
4,신장 결석으로 인해 극심한 옆구리 통증과 혈뇨가 발생한 상황 상태에서 생식기의 외상 상황이 급성 중심성 경증 통증(<4)로 이어짐
4,급성 요로 감염으로 인해 배뇨 시 통증과 발열이 동반된 상황 상태에서 생식기의 외상 상황이 만성 중심성 중등도 통증(4-7)로 이어짐
5,전립선 비대증으로 인해 배뇨 곤란과 잔뇨감이 심화된 상황 상태에서 생식기의 외상 상황이 만성 중심성 경증 통증(<4)로 이어짐
3,"방광염으로 인해 지속적인 배뇨통과 불쾌감이 동반된 상황 상태에서 생식기의 외상 상황이 성폭행, 안정되어 있음로 이어짐"
5,"요도 손상으로 인해 혈뇨와 통증이 발생한 상황 상태에서 생식기의 외상 상황이 생식기의 외상, 통증없음로 이어짐"
1,골절로 인해 부종과 심한 통증이 동반된 상황 상태에서 요통 상황이 중증 호흡곤란로 이어짐
1,어깨 탈구로 인해 움직임이 제한되고 통증이 심해진 상황 상태에서 요통 상황이 쇼크로 이어짐
1,척추 디스크 탈출로 인해 허리 통증과 다리 저림이 발생한 상황 상태에서 요통 상황이 무의식(GCS 3-8)로 이어짐
2,발목 염좌로 인해 부종과 통증이 동반된 상황 상태에서 요통 상황이 중등도 호흡곤란로 이어짐
2,무릎 관절염으로 인해 움직임이 제한되고 통증이 심화된 상황 상태에서 요통 상황이 혈역학적 장애로 이어짐
2,골절로 인해 부종과 심한 통증이 동반된 상황 상태에서 요통 상황이 의식변화(GCS 9-13)로 이어짐
2,"어깨 탈구로 인해 움직임이 제한되고 통증이 심해진 상황 상태에서 요통 상황이 열,면역억제 상태로 이어짐"
2,척추 디스크 탈출로 인해 허리 통증과 다리 저림이 발생한 상황 상태에서 요통 상황이 패혈증 의증(3 SIRS 기준만족)로 이어짐
3,발목 염좌로 인해 부종과 통증이 동반된 상황 상태에서 요통 상황이 경증 호흡곤란로 이어짐
3,"무릎 관절염으로 인해 움직임이 제한되고 통증이 심화된 상황 상태에서 요통 상황이 비정상 맥박수/맥박압 (혈역학적으로
안정)로 이어짐"
3,"골절로 인해 부종과 심한 통증이 동반된 상황 상태에서 요통 상황이 열(아파보임),<3 SIRS 기준 만족로 이어짐"
4,"어깨 탈구로 인해 움직임이 제한되고 통증이 심해진 상황 상태에서 요통 상황이 열(건강해보임), 1SIRS 기준만족(열)로 이어짐"
2,척추 디스크 탈출로 인해 허리 통증과 다리 저림이 발생한 상황 상태에서 요통 상황이 급성 중심성 중증 통증(8-10)로 이어짐
3,발목 염좌로 인해 부종과 통증이 동반된 상황 상태에서 요통 상황이 급성 중심성 중등도 통증(4-7)로 이어짐
3,무릎 관절염으로 인해 움직임이 제한되고 통증이 심화된 상황 상태에서 요통 상황이 만성 중심성 중증 통증(8-10)로 이어짐
4,골절로 인해 부종과 심한 통증이 동반된 상황 상태에서 요통 상황이 급성 중심성 경증 통증(<4)로 이어짐
4,어깨 탈구로 인해 움직임이 제한되고 통증이 심해진 상황 상태에서 요통 상황이 만성 중심성 중등도 통증(4-7)로 이어짐
5,척추 디스크 탈출로 인해 허리 통증과 다리 저림이 발생한 상황 상태에서 요통 상황이 만성 중심성 경증 통증(<4)로 이어짐
2,발목 염좌로 인해 부종과 통증이 동반된 상황 상태에서 요통 상황이 신경학적손상±장과방광의기능장애로 이어짐
5,무릎 관절염으로 인해 움직임이 제한되고 통증이 심화된 상황 상태에서 요통 상황이 요통로 이어짐
1,골절로 인해 부종과 심한 통증이 동반된 상황 상태에서 외상성 등/척추 손상 상황이 중증 호흡곤란로 이어짐
1,어깨 탈구로 인해 움직임이 제한되고 통증이 심해진 상황 상태에서 외상성 등/척추 손상 상황이 쇼크로 이어짐
1,척추 디스크 탈출로 인해 허리 통증과 다리 저림이 발생한 상황 상태에서 외상성 등/척추 손상 상황이 무의식(GCS 3-8)로 이어짐
2,발목 염좌로 인해 부종과 통증이 동반된 상황 상태에서 외상성 등/척추 손상 상황이 중등도 호흡곤란로 이어짐
2,무릎 관절염으로 인해 움직임이 제한되고 통증이 심화된 상황 상태에서 외상성 등/척추 손상 상황이 혈역학적 장애로 이어짐
2,골절로 인해 부종과 심한 통증이 동반된 상황 상태에서 외상성 등/척추 손상 상황이 의식변화(GCS 9-13)로 이어짐
2,"어깨 탈구로 인해 움직임이 제한되고 통증이 심해진 상황 상태에서 외상성 등/척추 손상 상황이 열,면역억제 상태로 이어짐"
2,척추 디스크 탈출로 인해 허리 통증과 다리 저림이 발생한 상황 상태에서 외상성 등/척추 손상 상황이 패혈증 의증(3 SIRS 기준만족)로 이어짐
3,발목 염좌로 인해 부종과 통증이 동반된 상황 상태에서 외상성 등/척추 손상 상황이 경증 호흡곤란로 이어짐
3,"무릎 관절염으로 인해 움직임이 제한되고 통증이 심화된 상황 상태에서 외상성 등/척추 손상 상황이 비정상 맥박수/맥박압 (혈역학적으로
안정)로 이어짐"
3,"골절로 인해 부종과 심한 통증이 동반된 상황 상태에서 외상성 등/척추 손상 상황이 열(아파보임),<3 SIRS 기준 만족로 이어짐"
4,"어깨 탈구로 인해 움직임이 제한되고 통증이 심해진 상황 상태에서 외상성 등/척추 손상 상황이 열(건강해보임), 1SIRS 기준만족(열)로 이어짐"
2,척추 디스크 탈출로 인해 허리 통증과 다리 저림이 발생한 상황 상태에서 외상성 등/척추 손상 상황이 급성 중심성 중증 통증(8-10)로 이어짐
2,"발목 염좌로 인해 부종과 통증이 동반된 상황 상태에서 외상성 등/척추 손상 상황이 출혈성 질환(생명이나 사지에 위급한
출혈)로 이어짐"
2,무릎 관절염으로 인해 움직임이 제한되고 통증이 심화된 상황 상태에서 외상성 등/척추 손상 상황이 고위험성 사고기전로 이어짐
3,골절로 인해 부종과 심한 통증이 동반된 상황 상태에서 외상성 등/척추 손상 상황이 급성 중심성 중등도 통증(4-7)로 이어짐
3,어깨 탈구로 인해 움직임이 제한되고 통증이 심해진 상황 상태에서 외상성 등/척추 손상 상황이 출혈성 질환(중등도나 경증의 출혈)로 이어짐
4,척추 디스크 탈출로 인해 허리 통증과 다리 저림이 발생한 상황 상태에서 외상성 등/척추 손상 상황이 급성 중심성 경증 통증(<4)로 이어짐
2,발목 염좌로 인해 부종과 통증이 동반된 상황 상태에서 외상성 등/척추 손상 상황이 신경학적 손상 ±장과 방광의 기능장애로 이어짐
1,무릎 관절염으로 인해 움직임이 제한되고 통증이 심화된 상황 상태에서 절단 상황이 중증 호흡곤란로 이어짐
1,골절로 인해 부종과 심한 통증이 동반된 상황 상태에서 절단 상황이 쇼크로 이어짐
1,어깨 탈구로 인해 움직임이 제한되고 통증이 심해진 상황 상태에서 절단 상황이 무의식(GCS 3-8)로 이어짐
2,척추 디스크 탈출로 인해 허리 통증과 다리 저림이 발생한 상황 상태에서 절단 상황이 중등도 호흡곤란로 이어짐
2,발목 염좌로 인해 부종과 통증이 동반된 상황 상태에서 절단 상황이 혈역학적 장애로 이어짐
2,무릎 관절염으로 인해 움직임이 제한되고 통증이 심화된 상황 상태에서 절단 상황이 의식변화(GCS 9-13)로 이어짐
2,"골절로 인해 부종과 심한 통증이 동반된 상황 상태에서 절단 상황이 열,면역억제 상태로 이어짐"
2,어깨 탈구로 인해 움직임이 제한되고 통증이 심해진 상황 상태에서 절단 상황이 패혈증 의증(3 SIRS 기준만족)로 이어짐
3,척추 디스크 탈출로 인해 허리 통증과 다리 저림이 발생한 상황 상태에서 절단 상황이 경증 호흡곤란로 이어짐
3,"발목 염좌로 인해 부종과 통증이 동반된 상황 상태에서 절단 상황이 비정상 맥박수/맥박압 (혈역학적으로
안정)로 이어짐"
3,"무릎 관절염으로 인해 움직임이 제한되고 통증이 심화된 상황 상태에서 절단 상황이 열(아파보임),<3 SIRS 기준 만족로 이어짐"
4,"골절로 인해 부종과 심한 통증이 동반된 상황 상태에서 절단 상황이 열(건강해보임), 1SIRS 기준만족(열)로 이어짐"
2,어깨 탈구로 인해 움직임이 제한되고 통증이 심해진 상황 상태에서 절단 상황이 출혈성 질환(생명이나 사지에 위급한로 이어짐
,nan와 관련된 응급 상황이 준비되지 않았습니다.
2,척추 디스크 탈출로 인해 허리 통증과 다리 저림이 발생한 상황 상태에서 절단 상황이 고위험성 사고기전로 이어짐
3,발목 염좌로 인해 부종과 통증이 동반된 상황 상태에서 절단 상황이 급성 말초성 중증 통증 (8-10)로 이어짐
3,무릎 관절염으로 인해 움직임이 제한되고 통증이 심화된 상황 상태에서 절단 상황이 출혈성 질환(중등도나 경증의 출혈)로 이어짐
1,골절로 인해 부종과 심한 통증이 동반된 상황 상태에서 절단 상황이 사지의 외상성 절단로 이어짐
2,어깨 탈구로 인해 움직임이 제한되고 통증이 심해진 상황 상태에서 절단 상황이 손가락의 외상성 절단로 이어짐
3,척추 디스크 탈출로 인해 허리 통증과 다리 저림이 발생한 상황 상태에서 절단 상황이 절단로 이어짐
1,발목 염좌로 인해 부종과 통증이 동반된 상황 상태에서 상지 통증 상황이 중증 호흡곤란로 이어짐
1,무릎 관절염으로 인해 움직임이 제한되고 통증이 심화된 상황 상태에서 상지 통증 상황이 쇼크로 이어짐
1,골절로 인해 부종과 심한 통증이 동반된 상황 상태에서 상지 통증 상황이 무의식(GCS 3-8)로 이어짐
2,어깨 탈구로 인해 움직임이 제한되고 통증이 심해진 상황 상태에서 상지 통증 상황이 중등도 호흡곤란로 이어짐
2,척추 디스크 탈출로 인해 허리 통증과 다리 저림이 발생한 상황 상태에서 상지 통증 상황이 혈역학적 장애로 이어짐
2,발목 염좌로 인해 부종과 통증이 동반된 상황 상태에서 상지 통증 상황이 의식변화(GCS 9-13)로 이어짐
2,"무릎 관절염으로 인해 움직임이 제한되고 통증이 심화된 상황 상태에서 상지 통증 상황이 열,면역억제 상태로 이어짐"
2,골절로 인해 부종과 심한 통증이 동반된 상황 상태에서 상지 통증 상황이 패혈증 의증(3 SIRS 기준만족)로 이어짐
3,어깨 탈구로 인해 움직임이 제한되고 통증이 심해진 상황 상태에서 상지 통증 상황이 경증 호흡곤란로 이어짐
3,"척추 디스크 탈출로 인해 허리 통증과 다리 저림이 발생한 상황 상태에서 상지 통증 상황이 비정상 맥박수/맥박압 (혈역학적으로
안정)로 이어짐"
3,"발목 염좌로 인해 부종과 통증이 동반된 상황 상태에서 상지 통증 상황이 열(아파보임),<3 SIRS 기준 만족로 이어짐"
4,"무릎 관절염으로 인해 움직임이 제한되고 통증이 심화된 상황 상태에서 상지 통증 상황이 열(건강해보임), 1SIRS 기준만족(열)로 이어짐"
2,"골절로 인해 부종과 심한 통증이 동반된 상황 상태에서 상지 통증 상황이 출혈성 질환(생명이나 사지에 위급한
출혈)로 이어짐"
3,어깨 탈구로 인해 움직임이 제한되고 통증이 심해진 상황 상태에서 상지 통증 상황이 급성 말초성 중증 통증 (8-10)로 이어짐
3,척추 디스크 탈출로 인해 허리 통증과 다리 저림이 발생한 상황 상태에서 상지 통증 상황이 출혈성 질환(중등도나 경증의 출혈)로 이어짐
4,발목 염좌로 인해 부종과 통증이 동반된 상황 상태에서 상지 통증 상황이 급성 말초성 중등도 통증(4-7)로 이어짐
4,무릎 관절염으로 인해 움직임이 제한되고 통증이 심화된 상황 상태에서 상지 통증 상황이 만성 말초성 중증 통증(8-10)로 이어짐
5,골절로 인해 부종과 심한 통증이 동반된 상황 상태에서 상지 통증 상황이 급성 말초성 경증 통증(<4)로 이어짐
5,어깨 탈구로 인해 움직임이 제한되고 통증이 심해진 상황 상태에서 상지 통증 상황이 만성 말초성 통증(<8)로 이어짐
2,척추 디스크 탈출로 인해 허리 통증과 다리 저림이 발생한 상황 상태에서 상지 통증 상황이 신경혈관장애로 이어짐
3,"발목 염좌로 인해 부종과 통증이 동반된 상황 상태에서 상지 통증 상황이 석고붕대가 꽉 끼어 아프고, 신경혈관
장애를 동반함로 이어짐"
4,"무릎 관절염으로 인해 움직임이 제한되고 통증이 심화된 상황 상태에서 상지 통증 상황이 석고붕대가 꽉 끼어 아프지만, 신경혈관
장애는 없음로 이어짐"
5,골절로 인해 부종과 심한 통증이 동반된 상황 상태에서 상지 통증 상황이 상지의 만성 경증 통증로 이어짐
1,어깨 탈구로 인해 움직임이 제한되고 통증이 심해진 상황 상태에서 하지 통증 상황이 중증 호흡곤란로 이어짐
1,척추 디스크 탈출로 인해 허리 통증과 다리 저림이 발생한 상황 상태에서 하지 통증 상황이 쇼크로 이어짐
1,발목 염좌로 인해 부종과 통증이 동반된 상황 상태에서 하지 통증 상황이 무의식(GCS 3-8)로 이어짐
2,무릎 관절염으로 인해 움직임이 제한되고 통증이 심화된 상황 상태에서 하지 통증 상황이 중등도 호흡곤란로 이어짐
2,골절로 인해 부종과 심한 통증이 동반된 상황 상태에서 하지 통증 상황이 혈역학적 장애로 이어짐
2,어깨 탈구로 인해 움직임이 제한되고 통증이 심해진 상황 상태에서 하지 통증 상황이 의식변화(GCS 9-13)로 이어짐
2,"척추 디스크 탈출로 인해 허리 통증과 다리 저림이 발생한 상황 상태에서 하지 통증 상황이 열,면역억제 상태로 이어짐"
2,발목 염좌로 인해 부종과 통증이 동반된 상황 상태에서 하지 통증 상황이 패혈증 의증(3 SIRS 기준만족)로 이어짐
3,무릎 관절염으로 인해 움직임이 제한되고 통증이 심화된 상황 상태에서 하지 통증 상황이 경증 호흡곤란로 이어짐
3,"골절로 인해 부종과 심한 통증이 동반된 상황 상태에서 하지 통증 상황이 비정상 맥박수/맥박압 (혈역학적으로
안정)로 이어짐"
3,"어깨 탈구로 인해 움직임이 제한되고 통증이 심해진 상황 상태에서 하지 통증 상황이 열(아파보임),<3 SIRS 기준 만족로 이어짐"
4,"척추 디스크 탈출로 인해 허리 통증과 다리 저림이 발생한 상황 상태에서 하지 통증 상황이 열(건강해보임), 1SIRS 기준만족(열)로 이어짐"
2,"발목 염좌로 인해 부종과 통증이 동반된 상황 상태에서 하지 통증 상황이 출혈성 질환(생명이나 사지에 위급한
출혈)로 이어짐"
3,무릎 관절염으로 인해 움직임이 제한되고 통증이 심화된 상황 상태에서 하지 통증 상황이 급성 말초성 중증 통증 (8-10)로 이어짐
3,골절로 인해 부종과 심한 통증이 동반된 상황 상태에서 하지 통증 상황이 출혈성 질환(중등도나 경증의 출혈)로 이어짐
4,어깨 탈구로 인해 움직임이 제한되고 통증이 심해진 상황 상태에서 하지 통증 상황이 급성 말초성 중등도 통증(4-7)로 이어짐
4,척추 디스크 탈출로 인해 허리 통증과 다리 저림이 발생한 상황 상태에서 하지 통증 상황이 만성 말초성 중증 통증(8-10)로 이어짐
5,발목 염좌로 인해 부종과 통증이 동반된 상황 상태에서 하지 통증 상황이 급성 말초성 경증 통증(<4)로 이어짐
5,무릎 관절염으로 인해 움직임이 제한되고 통증이 심화된 상황 상태에서 하지 통증 상황이 만성 말초성 통증(<8)로 이어짐
3,"골절로 인해 부종과 심한 통증이 동반된 상황 상태에서 하지 통증 상황이 석고붕대가 꽉 끼어 아프고, 신경혈관
장애를 동반함로 이어짐"
4,"어깨 탈구로 인해 움직임이 제한되고 통증이 심해진 상황 상태에서 하지 통증 상황이 석고붕대가 꽉 끼어 아프지만, 신경혈관
장애는 없음로 이어짐"
5,척추 디스크 탈출로 인해 허리 통증과 다리 저림이 발생한 상황 상태에서 하지 통증 상황이 하지의 만성 경증 통증로 이어짐
1,발목 염좌로 인해 부종과 통증이 동반된 상황 상태에서 상지 손상 상황이 중증 호흡곤란로 이어짐
1,무릎 관절염으로 인해 움직임이 제한되고 통증이 심화된 상황 상태에서 상지 손상 상황이 쇼크로 이어짐
1,골절로 인해 부종과 심한 통증이 동반된 상황 상태에서 상지 손상 상황이 무의식(GCS 3-8)로 이어짐
2,어깨 탈구로 인해 움직임이 제한되고 통증이 심해진 상황 상태에서 상지 손상 상황이 중등도 호흡곤란로 이어짐
2,척추 디스크 탈출로 인해 허리 통증과 다리 저림이 발생한 상황 상태에서 상지 손상 상황이 혈역학적 장애로 이어짐
2,발목 염좌로 인해 부종과 통증이 동반된 상황 상태에서 상지 손상 상황이 의식변화(GCS 9-13)로 이어짐
2,"무릎 관절염으로 인해 움직임이 제한되고 통증이 심화된 상황 상태에서 상지 손상 상황이 열,면역억제 상태로 이어짐"
2,골절로 인해 부종과 심한 통증이 동반된 상황 상태에서 상지 손상 상황이 패혈증 의증(3 SIRS 기준만족)로 이어짐
3,어깨 탈구로 인해 움직임이 제한되고 통증이 심해진 상황 상태에서 상지 손상 상황이 경증 호흡곤란로 이어짐
3,"척추 디스크 탈출로 인해 허리 통증과 다리 저림이 발생한 상황 상태에서 상지 손상 상황이 비정상 맥박수/맥박압 (혈역학적으로
안정)로 이어짐"
3,"발목 염좌로 인해 부종과 통증이 동반된 상황 상태에서 상지 손상 상황이 열(아파보임),<3 SIRS 기준 만족로 이어짐"
4,"무릎 관절염으로 인해 움직임이 제한되고 통증이 심화된 상황 상태에서 상지 손상 상황이 열(건강해보임), 1SIRS 기준만족(열)로 이어짐"
2,"골절로 인해 부종과 심한 통증이 동반된 상황 상태에서 상지 손상 상황이 출혈성 질환(생명이나 사지에 위급한
출혈)로 이어짐"
2,어깨 탈구로 인해 움직임이 제한되고 통증이 심해진 상황 상태에서 상지 손상 상황이 고위험성 사고기전로 이어짐
3,척추 디스크 탈출로 인해 허리 통증과 다리 저림이 발생한 상황 상태에서 상지 손상 상황이 급성 말초성 중증 통증 (8-10)로 이어짐
3,발목 염좌로 인해 부종과 통증이 동반된 상황 상태에서 상지 손상 상황이 출혈성 질환(중등도나 경증의 출혈)로 이어짐
4,무릎 관절염으로 인해 움직임이 제한되고 통증이 심화된 상황 상태에서 상지 손상 상황이 급성 말초성 중등도 통증(4-7)로 이어짐
4,골절로 인해 부종과 심한 통증이 동반된 상황 상태에서 상지 손상 상황이 만성 말초성 중증 통증(8-10)로 이어짐
5,어깨 탈구로 인해 움직임이 제한되고 통증이 심해진 상황 상태에서 상지 손상 상황이 급성 말초성 경증 통증(<4)로 이어짐
5,척추 디스크 탈출로 인해 허리 통증과 다리 저림이 발생한 상황 상태에서 상지 손상 상황이 만성 말초성 통증(<8)로 이어짐
2,발목 염좌로 인해 부종과 통증이 동반된 상황 상태에서 상지 손상 상황이 개방성 골절 또는 신경혈관 장애로 이어짐
3,무릎 관절염으로 인해 움직임이 제한되고 통증이 심화된 상황 상태에서 상지 손상 상황이 명백한 변형로 이어짐
3,"골절로 인해 부종과 심한 통증이 동반된 상황 상태에서 상지 손상 상황이 석고붕대가 꽉 끼어 아프고, 신경혈관
장애를 동반함로 이어짐"
4,"어깨 탈구로 인해 움직임이 제한되고 통증이 심해진 상황 상태에서 상지 손상 상황이 석고붕대가 꽉 끼어 아프지만, 신경혈관로 이어짐"
,nan와 관련된 응급 상황이 준비되지 않았습니다.
5,"척추 디스크 탈출로 인해 허리 통증과 다리 저림이 발생한 상황 상태에서 상지 손상 상황이 상지의 외상, 만성 경증 통증로 이어짐"
1,발목 염좌로 인해 부종과 통증이 동반된 상황 상태에서 하지 손상 상황이 중증 호흡곤란로 이어짐
1,무릎 관절염으로 인해 움직임이 제한되고 통증이 심화된 상황 상태에서 하지 손상 상황이 쇼크로 이어짐
1,골절로 인해 부종과 심한 통증이 동반된 상황 상태에서 하지 손상 상황이 무의식(GCS 3-8)로 이어짐
2,어깨 탈구로 인해 움직임이 제한되고 통증이 심해진 상황 상태에서 하지 손상 상황이 중등도 호흡곤란로 이어짐
2,척추 디스크 탈출로 인해 허리 통증과 다리 저림이 발생한 상황 상태에서 하지 손상 상황이 혈역학적 장애로 이어짐
2,발목 염좌로 인해 부종과 통증이 동반된 상황 상태에서 하지 손상 상황이 의식변화(GCS 9-13)로 이어짐
2,"무릎 관절염으로 인해 움직임이 제한되고 통증이 심화된 상황 상태에서 하지 손상 상황이 열,면역억제 상태로 이어짐"
2,골절로 인해 부종과 심한 통증이 동반된 상황 상태에서 하지 손상 상황이 패혈증 의증(3 SIRS 기준만족)로 이어짐
3,어깨 탈구로 인해 움직임이 제한되고 통증이 심해진 상황 상태에서 하지 손상 상황이 경증 호흡곤란로 이어짐
3,"척추 디스크 탈출로 인해 허리 통증과 다리 저림이 발생한 상황 상태에서 하지 손상 상황이 비정상 맥박수/맥박압 (혈역학적으로
안정)로 이어짐"
3,"발목 염좌로 인해 부종과 통증이 동반된 상황 상태에서 하지 손상 상황이 열(아파보임),<3 SIRS 기준 만족로 이어짐"
4,"무릎 관절염으로 인해 움직임이 제한되고 통증이 심화된 상황 상태에서 하지 손상 상황이 열(건강해보임), 1SIRS 기준만족(열)로 이어짐"
2,"골절로 인해 부종과 심한 통증이 동반된 상황 상태에서 하지 손상 상황이 출혈성 질환(생명이나 사지에 위급한
출혈)로 이어짐"
2,어깨 탈구로 인해 움직임이 제한되고 통증이 심해진 상황 상태에서 하지 손상 상황이 고위험성 사고기전로 이어짐
3,척추 디스크 탈출로 인해 허리 통증과 다리 저림이 발생한 상황 상태에서 하지 손상 상황이 급성 말초성 중증 통증 (8-10)로 이어짐
3,발목 염좌로 인해 부종과 통증이 동반된 상황 상태에서 하지 손상 상황이 출혈성 질환(중등도나 경증의 출혈)로 이어짐
4,무릎 관절염으로 인해 움직임이 제한되고 통증이 심화된 상황 상태에서 하지 손상 상황이 급성 말초성 중등도 통증(4-7)로 이어짐
4,골절로 인해 부종과 심한 통증이 동반된 상황 상태에서 하지 손상 상황이 만성 말초성 중증 통증(8-10)로 이어짐
5,어깨 탈구로 인해 움직임이 제한되고 통증이 심해진 상황 상태에서 하지 손상 상황이 급성 말초성 경증 통증(<4)로 이어짐
5,척추 디스크 탈출로 인해 허리 통증과 다리 저림이 발생한 상황 상태에서 하지 손상 상황이 만성 말초성 통증(<8)로 이어짐
2,발목 염좌로 인해 부종과 통증이 동반된 상황 상태에서 하지 손상 상황이 개방성 골절 또는 신경혈관 장애로 이어짐
3,무릎 관절염으로 인해 움직임이 제한되고 통증이 심화된 상황 상태에서 하지 손상 상황이 명백한 변형로 이어짐
3,"골절로 인해 부종과 심한 통증이 동반된 상황 상태에서 하지 손상 상황이 석고붕대가 꽉 끼어 아프고, 신경혈관
장애를 동반함로 이어짐"
4,"어깨 탈구로 인해 움직임이 제한되고 통증이 심해진 상황 상태에서 하지 손상 상황이 석고붕대가 꽉 끼어 아프지만, 신경혈관
장애는 없음로 이어짐"
5,"척추 디스크 탈출로 인해 허리 통증과 다리 저림이 발생한 상황 상태에서 하지 손상 상황이 하지의 외상, 만성 경증 통증로 이어짐"
2,발목 염좌로 인해 부종과 통증이 동반된 상황 상태에서 관절 부종 상황이 중등도 호흡곤란로 이어짐
2,무릎 관절염으로 인해 움직임이 제한되고 통증이 심화된 상황 상태에서 관절 부종 상황이 혈역학적 장애로 이어짐
2,골절로 인해 부종과 심한 통증이 동반된 상황 상태에서 관절 부종 상황이 의식변화(GCS 9-13)로 이어짐
2,"어깨 탈구로 인해 움직임이 제한되고 통증이 심해진 상황 상태에서 관절 부종 상황이 열,면역억제 상태로 이어짐"
2,척추 디스크 탈출로 인해 허리 통증과 다리 저림이 발생한 상황 상태에서 관절 부종 상황이 패혈증 의증(3 SIRS 기준만족)로 이어짐
3,발목 염좌로 인해 부종과 통증이 동반된 상황 상태에서 관절 부종 상황이 경증 호흡곤란로 이어짐
3,"무릎 관절염으로 인해 움직임이 제한되고 통증이 심화된 상황 상태에서 관절 부종 상황이 비정상 맥박수/맥박압 (혈역학적으로
안정)로 이어짐"
3,"골절로 인해 부종과 심한 통증이 동반된 상황 상태에서 관절 부종 상황이 열(아파보임),<3 SIRS 기준 만족로 이어짐"
4,"어깨 탈구로 인해 움직임이 제한되고 통증이 심해진 상황 상태에서 관절 부종 상황이 열(건강해보임), 1SIRS 기준만족(열)로 이어짐"
3,척추 디스크 탈출로 인해 허리 통증과 다리 저림이 발생한 상황 상태에서 관절 부종 상황이 급성 말초성 중증 통증 (8-10)로 이어짐
3,발목 염좌로 인해 부종과 통증이 동반된 상황 상태에서 관절 부종 상황이 출혈성 질환(중등도나 경증의 출혈)로 이어짐
4,무릎 관절염으로 인해 움직임이 제한되고 통증이 심화된 상황 상태에서 관절 부종 상황이 급성 말초성 중등도 통증(4-7)로 이어짐
4,골절로 인해 부종과 심한 통증이 동반된 상황 상태에서 관절 부종 상황이 만성 말초성 중증 통증(8-10)로 이어짐
5,어깨 탈구로 인해 움직임이 제한되고 통증이 심해진 상황 상태에서 관절 부종 상황이 급성 말초성 경증 통증(<4)로 이어짐
5,척추 디스크 탈출로 인해 허리 통증과 다리 저림이 발생한 상황 상태에서 관절 부종 상황이 만성 말초성 통증(<8)로 이어짐
5,발목 염좌로 인해 부종과 통증이 동반된 상황 상태에서 관절 부종 상황이 관절 부종로 이어짐
3,무릎 관절염으로 인해 움직임이 제한되고 통증이 심화된 상황 상태에서 석고붕대 확인 상황이 급성 말초성 중증 통증 (8-10)로 이어짐
4,골절로 인해 부종과 심한 통증이 동반된 상황 상태에서 석고붕대 확인 상황이 급성 말초성 중등도 통증(4-7)로 이어짐
5,어깨 탈구로 인해 움직임이 제한되고 통증이 심해진 상황 상태에서 석고붕대 확인 상황이 급성 말초성 경증 통증(<4)로 이어짐
3,"척추 디스크 탈출로 인해 허리 통증과 다리 저림이 발생한 상황 상태에서 석고붕대 확인 상황이 석고붕대가 꽉 끼어 아프고, 신경혈관
장애를 동반함로 이어짐"
4,"발목 염좌로 인해 부종과 통증이 동반된 상황 상태에서 석고붕대 확인 상황이 석고붕대가 꽉 끼어 아프지만, 신경혈관
장애는 없음로 이어짐"
5,무릎 관절염으로 인해 움직임이 제한되고 통증이 심화된 상황 상태에서 석고붕대 확인 상황이 석고붕대 체크 또는 석고붕대 교환로 이어짐
1,머리 외상으로 인해 의식 저하와 두통이 발생한 상황 상태에서 중증외상-관통상 상황이 중증 호흡곤란로 이어짐
1,흉부 외상으로 인해 호흡 곤란과 통증이 동반된 상황 상태에서 중증외상-관통상 상황이 쇼크로 이어짐
1,복부 외상으로 인해 내출혈이 의심되는 상황 상태에서 중증외상-관통상 상황이 무의식(GCS 3-8)로 이어짐
2,사지 절단 외상으로 인해 출혈이 심화된 상황 상태에서 중증외상-관통상 상황이 중등도 호흡곤란로 이어짐
2,척추 외상으로 인해 마비 증상이 나타나는 상황 상태에서 중증외상-관통상 상황이 혈역학적 장애로 이어짐
2,머리 외상으로 인해 의식 저하와 두통이 발생한 상황 상태에서 중증외상-관통상 상황이 의식변화(GCS 9-13)로 이어짐
2,"흉부 외상으로 인해 호흡 곤란과 통증이 동반된 상황 상태에서 중증외상-관통상 상황이 열,면역억제 상태로 이어짐"
2,복부 외상으로 인해 내출혈이 의심되는 상황 상태에서 중증외상-관통상 상황이 패혈증 의증(3 SIRS 기준만족)로 이어짐
3,사지 절단 외상으로 인해 출혈이 심화된 상황 상태에서 중증외상-관통상 상황이 경증 호흡곤란로 이어짐
3,"척추 외상으로 인해 마비 증상이 나타나는 상황 상태에서 중증외상-관통상 상황이 비정상 맥박수/맥박압 (혈역학적으로
안정)로 이어짐"
3,"머리 외상으로 인해 의식 저하와 두통이 발생한 상황 상태에서 중증외상-관통상 상황이 열(아파보임),<3 SIRS 기준 만족로 이어짐"
4,"흉부 외상으로 인해 호흡 곤란과 통증이 동반된 상황 상태에서 중증외상-관통상 상황이 열(건강해보임), 1SIRS 기준만족(열)로 이어짐"
2,복부 외상으로 인해 내출혈이 의심되는 상황 상태에서 중증외상-관통상 상황이 급성 중심성 중증 통증(8-10)로 이어짐
2,"사지 절단 외상으로 인해 출혈이 심화된 상황 상태에서 중증외상-관통상 상황이 출혈성 질환(생명이나 사지에 위급한
출혈)로 이어짐"
2,척추 외상으로 인해 마비 증상이 나타나는 상황 상태에서 중증외상-관통상 상황이 고위험성 사고기전로 이어짐
3,머리 외상으로 인해 의식 저하와 두통이 발생한 상황 상태에서 중증외상-관통상 상황이 급성 중심성 중등도 통증(4-7)로 이어짐
3,흉부 외상으로 인해 호흡 곤란과 통증이 동반된 상황 상태에서 중증외상-관통상 상황이 출혈성 질환(중등도나 경증의 출혈)로 이어짐
1,"복부 외상으로 인해 내출혈이 의심되는 상황 상태에서 중증외상-관통상 상황이 신경학적 손상과 동반된 척추 골절,
두부의 관통상로 이어짐"
2,사지 절단 외상으로 인해 출혈이 심화된 상황 상태에서 중증외상-관통상 상황이 사지의 신경혈관 장애로 이어짐
2,"척추 외상으로 인해 마비 증상이 나타나는 상황 상태에서 중증외상-관통상 상황이 머리,가슴,복부의 관통상로 이어짐"
3,머리 외상으로 인해 의식 저하와 두통이 발생한 상황 상태에서 중증외상-관통상 상황이 중증외상-관통상로 이어짐
1,흉부 외상으로 인해 호흡 곤란과 통증이 동반된 상황 상태에서 중증외상-둔상 상황이 중증 호흡곤란로 이어짐
1,복부 외상으로 인해 내출혈이 의심되는 상황 상태에서 중증외상-둔상 상황이 쇼크로 이어짐
1,사지 절단 외상으로 인해 출혈이 심화된 상황 상태에서 중증외상-둔상 상황이 무의식(GCS 3-8)로 이어짐
2,척추 외상으로 인해 마비 증상이 나타나는 상황 상태에서 중증외상-둔상 상황이 중등도 호흡곤란로 이어짐
2,머리 외상으로 인해 의식 저하와 두통이 발생한 상황 상태에서 중증외상-둔상 상황이 혈역학적 장애로 이어짐
2,흉부 외상으로 인해 호흡 곤란과 통증이 동반된 상황 상태에서 중증외상-둔상 상황이 의식변화(GCS 9-13)로 이어짐
2,"복부 외상으로 인해 내출혈이 의심되는 상황 상태에서 중증외상-둔상 상황이 열,면역억제 상태로 이어짐"
2,사지 절단 외상으로 인해 출혈이 심화된 상황 상태에서 중증외상-둔상 상황이 패혈증 의증(3 SIRS 기준만족)로 이어짐
3,척추 외상으로 인해 마비 증상이 나타나는 상황 상태에서 중증외상-둔상 상황이 경증 호흡곤란로 이어짐
3,"머리 외상으로 인해 의식 저하와 두통이 발생한 상황 상태에서 중증외상-둔상 상황이 비정상 맥박수/맥박압 (혈역학적으로
안정)로 이어짐"
3,"흉부 외상으로 인해 호흡 곤란과 통증이 동반된 상황 상태에서 중증외상-둔상 상황이 열(아파보임),<3 SIRS 기준 만족로 이어짐"
4,"복부 외상으로 인해 내출혈이 의심되는 상황 상태에서 중증외상-둔상 상황이 열(건강해보임), 1SIRS 기준만족(열)로 이어짐"
2,사지 절단 외상으로 인해 출혈이 심화된 상황 상태에서 중증외상-둔상 상황이 급성 중심성 중증 통증(8-10)로 이어짐
2,"척추 외상으로 인해 마비 증상이 나타나는 상황 상태에서 중증외상-둔상 상황이 출혈성 질환(생명이나 사지에 위급한
출혈)로 이어짐"
2,머리 외상으로 인해 의식 저하와 두통이 발생한 상황 상태에서 중증외상-둔상 상황이 고위험성 사고기전로 이어짐
3,흉부 외상으로 인해 호흡 곤란과 통증이 동반된 상황 상태에서 중증외상-둔상 상황이 급성 중심성 중등도 통증(4-7)로 이어짐
3,복부 외상으로 인해 내출혈이 의심되는 상황 상태에서 중증외상-둔상 상황이 출혈성 질환(중등도나 경증의 출혈)로 이어짐
4,사지 절단 외상으로 인해 출혈이 심화된 상황 상태에서 중증외상-둔상 상황이 급성 중심성 경증 통증(<4)로 이어짐
1,척추 외상으로 인해 마비 증상이 나타나는 상황 상태에서 중증외상-둔상 상황이 신경학적 손상과 동반된 척추 골절로 이어짐
2,머리 외상으로 인해 의식 저하와 두통이 발생한 상황 상태에서 중증외상-둔상 상황이 사지의 신경혈관 장애로 이어짐
3,흉부 외상으로 인해 호흡 곤란과 통증이 동반된 상황 상태에서 중증외상-둔상 상황이 장기간의 척추고정로 이어짐
4,복부 외상으로 인해 내출혈이 의심되는 상황 상태에서 중증외상-둔상 상황이 중증외상-둔상로 이어짐
1,사지 절단 외상으로 인해 출혈이 심화된 상황 상태에서 단독 흉부외상-관통상 상황이 중증 호흡곤란로 이어짐
1,척추 외상으로 인해 마비 증상이 나타나는 상황 상태에서 단독 흉부외상-관통상 상황이 쇼크로 이어짐
1,머리 외상으로 인해 의식 저하와 두통이 발생한 상황 상태에서 단독 흉부외상-관통상 상황이 무의식(GCS 3-8)로 이어짐
2,흉부 외상으로 인해 호흡 곤란과 통증이 동반된 상황 상태에서 단독 흉부외상-관통상 상황이 중등도 호흡곤란로 이어짐
2,복부 외상으로 인해 내출혈이 의심되는 상황 상태에서 단독 흉부외상-관통상 상황이 혈역학적 장애로 이어짐
2,사지 절단 외상으로 인해 출혈이 심화된 상황 상태에서 단독 흉부외상-관통상 상황이 의식변화(GCS 9-13)로 이어짐
2,"척추 외상으로 인해 마비 증상이 나타나는 상황 상태에서 단독 흉부외상-관통상 상황이 열,면역억제 상태로 이어짐"
2,머리 외상으로 인해 의식 저하와 두통이 발생한 상황 상태에서 단독 흉부외상-관통상 상황이 패혈증 의증(3 SIRS 기준만족)로 이어짐
2,흉부 외상으로 인해 호흡 곤란과 통증이 동반된 상황 상태에서 단독 흉부외상-관통상 상황이 급성 중심성 중증 통증(8-10)로 이어짐
2,"복부 외상으로 인해 내출혈이 의심되는 상황 상태에서 단독 흉부외상-관통상 상황이 출혈성 질환(생명이나 사지에 위급한
출혈)로 이어짐"
2,사지 절단 외상으로 인해 출혈이 심화된 상황 상태에서 단독 흉부외상-관통상 상황이 단독 흉부외상-관통상로 이어짐
1,척추 외상으로 인해 마비 증상이 나타나는 상황 상태에서 단독 흉부외상-둔상 상황이 중증 호흡곤란로 이어짐
1,머리 외상으로 인해 의식 저하와 두통이 발생한 상황 상태에서 단독 흉부외상-둔상 상황이 쇼크로 이어짐
1,흉부 외상으로 인해 호흡 곤란과 통증이 동반된 상황 상태에서 단독 흉부외상-둔상 상황이 무의식(GCS 3-8)로 이어짐
2,복부 외상으로 인해 내출혈이 의심되는 상황 상태에서 단독 흉부외상-둔상 상황이 중등도 호흡곤란로 이어짐
2,사지 절단 외상으로 인해 출혈이 심화된 상황 상태에서 단독 흉부외상-둔상 상황이 혈역학적 장애로 이어짐
2,척추 외상으로 인해 마비 증상이 나타나는 상황 상태에서 단독 흉부외상-둔상 상황이 의식변화(GCS 9-13)로 이어짐
2,"머리 외상으로 인해 의식 저하와 두통이 발생한 상황 상태에서 단독 흉부외상-둔상 상황이 열,면역억제 상태로 이어짐"
2,흉부 외상으로 인해 호흡 곤란과 통증이 동반된 상황 상태에서 단독 흉부외상-둔상 상황이 패혈증 의증(3 SIRS 기준만족)로 이어짐
3,복부 외상으로 인해 내출혈이 의심되는 상황 상태에서 단독 흉부외상-둔상 상황이 경증 호흡곤란로 이어짐
3,"사지 절단 외상으로 인해 출혈이 심화된 상황 상태에서 단독 흉부외상-둔상 상황이 비정상 맥박수/맥박압 (혈역학적으로
안정)로 이어짐"
3,"척추 외상으로 인해 마비 증상이 나타나는 상황 상태에서 단독 흉부외상-둔상 상황이 열(아파보임),<3 SIRS 기준 만족로 이어짐"
4,"머리 외상으로 인해 의식 저하와 두통이 발생한 상황 상태에서 단독 흉부외상-둔상 상황이 열(건강해보임), 1SIRS 기준만족(열)로 이어짐"
2,흉부 외상으로 인해 호흡 곤란과 통증이 동반된 상황 상태에서 단독 흉부외상-둔상 상황이 급성 중심성 중증 통증(8-10)로 이어짐
2,"복부 외상으로 인해 내출혈이 의심되는 상황 상태에서 단독 흉부외상-둔상 상황이 출혈성 질환(생명이나 사지에 위급한
출혈)로 이어짐"
2,사지 절단 외상으로 인해 출혈이 심화된 상황 상태에서 단독 흉부외상-둔상 상황이 고위험성 사고기전로 이어짐
3,척추 외상으로 인해 마비 증상이 나타나는 상황 상태에서 단독 흉부외상-둔상 상황이 급성 중심성 중등도 통증(4-7)로 이어짐
3,머리 외상으로 인해 의식 저하와 두통이 발생한 상황 상태에서 단독 흉부외상-둔상 상황이 급성 말초성 중증 통증 (8-10)로 이어짐
3,흉부 외상으로 인해 호흡 곤란과 통증이 동반된 상황 상태에서 단독 흉부외상-둔상 상황이 출혈성 질환(중등도나 경증의 출혈)로 이어짐
4,복부 외상으로 인해 내출혈이 의심되는 상황 상태에서 단독 흉부외상-둔상 상황이 급성 중심성 경증 통증(<4)로 이어짐
4,사지 절단 외상으로 인해 출혈이 심화된 상황 상태에서 단독 흉부외상-둔상 상황이 급성 말초성 중등도 통증(4-7)로 이어짐
5,척추 외상으로 인해 마비 증상이 나타나는 상황 상태에서 단독 흉부외상-둔상 상황이 급성 말초성 경증 통증(<4)로 이어짐
4,머리 외상으로 인해 의식 저하와 두통이 발생한 상황 상태에서 단독 흉부외상-둔상 상황이 단독 흉부외상-둔상(건강해보임)로 이어짐
1,흉부 외상으로 인해 호흡 곤란과 통증이 동반된 상황 상태에서 단독 복부외상-관통상 상황이 중증 호흡곤란로 이어짐
1,복부 외상으로 인해 내출혈이 의심되는 상황 상태에서 단독 복부외상-관통상 상황이 쇼크로 이어짐
1,사지 절단 외상으로 인해 출혈이 심화된 상황 상태에서 단독 복부외상-관통상 상황이 무의식(GCS 3-8)로 이어짐
2,척추 외상으로 인해 마비 증상이 나타나는 상황 상태에서 단독 복부외상-관통상 상황이 중등도 호흡곤란로 이어짐
2,머리 외상으로 인해 의식 저하와 두통이 발생한 상황 상태에서 단독 복부외상-관통상 상황이 혈역학적 장애로 이어짐
2,흉부 외상으로 인해 호흡 곤란과 통증이 동반된 상황 상태에서 단독 복부외상-관통상 상황이 의식변화(GCS 9-13)로 이어짐
2,"복부 외상으로 인해 내출혈이 의심되는 상황 상태에서 단독 복부외상-관통상 상황이 열,면역억제 상태로 이어짐"
2,사지 절단 외상으로 인해 출혈이 심화된 상황 상태에서 단독 복부외상-관통상 상황이 패혈증 의증(3 SIRS 기준만족)로 이어짐
2,척추 외상으로 인해 마비 증상이 나타나는 상황 상태에서 단독 복부외상-관통상 상황이 급성 중심성 중증 통증(8-10)로 이어짐
2,"머리 외상으로 인해 의식 저하와 두통이 발생한 상황 상태에서 단독 복부외상-관통상 상황이 출혈성 질환(생명이나 사지에 위급한
출혈)로 이어짐"
2,흉부 외상으로 인해 호흡 곤란과 통증이 동반된 상황 상태에서 단독 복부외상-관통상 상황이 고위험성 사고기전로 이어짐
2,복부 외상으로 인해 내출혈이 의심되는 상황 상태에서 단독 복부외상-관통상 상황이 단독 복부외상 - 관통상로 이어짐
1,사지 절단 외상으로 인해 출혈이 심화된 상황 상태에서 단독 복부외상-둔상 상황이 중증 호흡곤란로 이어짐
1,척추 외상으로 인해 마비 증상이 나타나는 상황 상태에서 단독 복부외상-둔상 상황이 쇼크로 이어짐
1,머리 외상으로 인해 의식 저하와 두통이 발생한 상황 상태에서 단독 복부외상-둔상 상황이 무의식(GCS 3-8)로 이어짐
2,흉부 외상으로 인해 호흡 곤란과 통증이 동반된 상황 상태에서 단독 복부외상-둔상 상황이 중등도 호흡곤란로 이어짐
2,복부 외상으로 인해 내출혈이 의심되는 상황 상태에서 단독 복부외상-둔상 상황이 혈역학적 장애로 이어짐
2,사지 절단 외상으로 인해 출혈이 심화된 상황 상태에서 단독 복부외상-둔상 상황이 의식변화(GCS 9-13)로 이어짐
2,"척추 외상으로 인해 마비 증상이 나타나는 상황 상태에서 단독 복부외상-둔상 상황이 열,면역억제 상태로 이어짐"
2,머리 외상으로 인해 의식 저하와 두통이 발생한 상황 상태에서 단독 복부외상-둔상 상황이 패혈증 의증(3 SIRS 기준만족)로 이어짐
3,흉부 외상으로 인해 호흡 곤란과 통증이 동반된 상황 상태에서 단독 복부외상-둔상 상황이 경증 호흡곤란로 이어짐
3,"복부 외상으로 인해 내출혈이 의심되는 상황 상태에서 단독 복부외상-둔상 상황이 비정상 맥박수/맥박압 (혈역학적으로
안정)로 이어짐"
3,"사지 절단 외상으로 인해 출혈이 심화된 상황 상태에서 단독 복부외상-둔상 상황이 열(아파보임),<3 SIRS 기준 만족로 이어짐"
4,"척추 외상으로 인해 마비 증상이 나타나는 상황 상태에서 단독 복부외상-둔상 상황이 열(건강해보임), 1SIRS 기준만족(열)로 이어짐"
2,머리 외상으로 인해 의식 저하와 두통이 발생한 상황 상태에서 단독 복부외상-둔상 상황이 급성 중심성 중증 통증(8-10)로 이어짐
2,"흉부 외상으로 인해 호흡 곤란과 통증이 동반된 상황 상태에서 단독 복부외상-둔상 상황이 출혈성 질환(생명이나 사지에 위급한
출혈)로 이어짐"
2,복부 외상으로 인해 내출혈이 의심되는 상황 상태에서 단독 복부외상-둔상 상황이 고위험성 사고기전로 이어짐
3,사지 절단 외상으로 인해 출혈이 심화된 상황 상태에서 단독 복부외상-둔상 상황이 급성 중심성 중등도 통증(4-7)로 이어짐
3,척추 외상으로 인해 마비 증상이 나타나는 상황 상태에서 단독 복부외상-둔상 상황이 출혈성 질환(중등도나 경증의 출혈)로 이어짐
4,머리 외상으로 인해 의식 저하와 두통이 발생한 상황 상태에서 단독 복부외상-둔상 상황이 급성 중심성 경증 통증(<4)로 이어짐
4,흉부 외상으로 인해 호흡 곤란과 통증이 동반된 상황 상태에서 단독 복부외상-둔상 상황이 단독복부외상 - 둔상로 이어짐
등급,2단계와 관련된 응급 상황이 준비되지 않았습니다.
3,열사병으로 인해 의식 저하와 탈수가 심화된 상황 상태에서 동상/냉 손상 상황이 급성 말초성 중증 통증 (8-10)로 이어짐
4,저체온증으로 인해 의식이 흐려지고 떨림이 동반된 상황 상태에서 동상/냉 손상 상황이 급성 말초성 중등도 통증(4-7)로 이어짐
4,화학물질 노출로 인해 피부 발진과 호흡 곤란이 발생한 상황 상태에서 동상/냉 손상 상황이 만성 말초성 중증 통증(8-10)로 이어짐
5,전기 화상으로 인해 피부 손상과 근육 경련이 동반된 상황 상태에서 동상/냉 손상 상황이 급성 말초성 경증 통증(<4)로 이어짐
5,독사에 물려 극심한 통증과 부종이 발생한 상황 상태에서 동상/냉 손상 상황이 만성 말초성 통증(<8)로 이어짐
2,열사병으로 인해 의식 저하와 탈수가 심화된 상황 상태에서 동상/냉 손상 상황이 사지 말단부위에 맥박이 없고 차가움로 이어짐
3,저체온증으로 인해 의식이 흐려지고 떨림이 동반된 상황 상태에서 동상/냉 손상 상황이 피부가 창백함로 이어짐
5,화학물질 노출로 인해 피부 발진과 호흡 곤란이 발생한 상황 상태에서 동상/냉 손상 상황이 동상/냉손상로 이어짐
1,전기 화상으로 인해 피부 손상과 근육 경련이 동반된 상황 상태에서 유해물질흡입 상황이 중증 호흡곤란로 이어짐
1,독사에 물려 극심한 통증과 부종이 발생한 상황 상태에서 유해물질흡입 상황이 쇼크로 이어짐
1,열사병으로 인해 의식 저하와 탈수가 심화된 상황 상태에서 유해물질흡입 상황이 무의식(GCS 3-8)로 이어짐
2,저체온증으로 인해 의식이 흐려지고 떨림이 동반된 상황 상태에서 유해물질흡입 상황이 중등도 호흡곤란로 이어짐
2,화학물질 노출로 인해 피부 발진과 호흡 곤란이 발생한 상황 상태에서 유해물질흡입 상황이 혈역학적 장애로 이어짐
2,전기 화상으로 인해 피부 손상과 근육 경련이 동반된 상황 상태에서 유해물질흡입 상황이 의식변화(GCS 9-13)로 이어짐
3,독사에 물려 극심한 통증과 부종이 발생한 상황 상태에서 유해물질흡입 상황이 경증 호흡곤란로 이어짐
3,"열사병으로 인해 의식 저하와 탈수가 심화된 상황 상태에서 유해물질흡입 상황이 비정상 맥박수/맥박압 (혈역학적으로
안정)로 이어짐"
3,"저체온증으로 인해 의식이 흐려지고 떨림이 동반된 상황 상태에서 유해물질흡입 상황이 연기나 기타 물질 흡입, 호흡곤란 없음로 이어짐"
4,"화학물질 노출로 인해 피부 발진과 호흡 곤란이 발생한 상황 상태에서 유해물질흡입 상황이 유해물질을 흡입한 후 상당한 시간이
지남, 무증상로 이어짐"
1,전기 화상으로 인해 피부 손상과 근육 경련이 동반된 상황 상태에서 전기손상 상황이 중증 호흡곤란로 이어짐
1,독사에 물려 극심한 통증과 부종이 발생한 상황 상태에서 전기손상 상황이 쇼크로 이어짐
1,열사병으로 인해 의식 저하와 탈수가 심화된 상황 상태에서 전기손상 상황이 무의식(GCS 3-8)로 이어짐
2,저체온증으로 인해 의식이 흐려지고 떨림이 동반된 상황 상태에서 전기손상 상황이 중등도 호흡곤란로 이어짐
2,화학물질 노출로 인해 피부 발진과 호흡 곤란이 발생한 상황 상태에서 전기손상 상황이 혈역학적 장애로 이어짐
2,전기 화상으로 인해 피부 손상과 근육 경련이 동반된 상황 상태에서 전기손상 상황이 의식변화(GCS 9-13)로 이어짐
3,독사에 물려 극심한 통증과 부종이 발생한 상황 상태에서 전기손상 상황이 경증 호흡곤란로 이어짐
3,"열사병으로 인해 의식 저하와 탈수가 심화된 상황 상태에서 전기손상 상황이 비정상 맥박수/맥박압 (혈역학적으로
안정)로 이어짐"
3,저체온증으로 인해 의식이 흐려지고 떨림이 동반된 상황 상태에서 전기손상 상황이 급성 말초성 중증 통증 (8-10)로 이어짐
2,화학물질 노출로 인해 피부 발진과 호흡 곤란이 발생한 상황 상태에서 전기손상 상황이 명백한 피부손상로 이어짐
3,전기 화상으로 인해 피부 손상과 근육 경련이 동반된 상황 상태에서 전기손상 상황이 명백한 피부손상 없음로 이어짐
1,독사에 물려 극심한 통증과 부종이 발생한 상황 상태에서 화학물질 노출 상황이 중증 호흡곤란로 이어짐
1,열사병으로 인해 의식 저하와 탈수가 심화된 상황 상태에서 화학물질 노출 상황이 쇼크로 이어짐
1,저체온증으로 인해 의식이 흐려지고 떨림이 동반된 상황 상태에서 화학물질 노출 상황이 무의식(GCS 3-8)로 이어짐
2,화학물질 노출로 인해 피부 발진과 호흡 곤란이 발생한 상황 상태에서 화학물질 노출 상황이 중등도 호흡곤란로 이어짐
2,전기 화상으로 인해 피부 손상과 근육 경련이 동반된 상황 상태에서 화학물질 노출 상황이 혈역학적 장애로 이어짐
2,독사에 물려 극심한 통증과 부종이 발생한 상황 상태에서 화학물질 노출 상황이 의식변화(GCS 9-13)로 이어짐
1,열사병으로 인해 의식 저하와 탈수가 심화된 상황 상태에서 화학물질 노출 상황이 체표면적 25% 이상의 중증 화상로 이어짐
2,"저체온증으로 인해 의식이 흐려지고 떨림이 동반된 상황 상태에서 화학물질 노출 상황이 손,발, 샅고랑 부위(Groin), 얼굴의 중증
화상로 이어짐"
2,화학물질 노출로 인해 피부 발진과 호흡 곤란이 발생한 상황 상태에서 화학물질 노출 상황이 눈에 이물질이 튄 후 증상 있음로 이어짐
1,전기 화상으로 인해 피부 손상과 근육 경련이 동반된 상황 상태에서 저체온증 상황이 중증 호흡곤란로 이어짐
등급,2단계와 관련된 응급 상황이 준비되지 않았습니다.
1,독사에 물려 극심한 통증과 부종이 발생한 상황 상태에서 저체온증 상황이 쇼크로 이어짐
1,열사병으로 인해 의식 저하와 탈수가 심화된 상황 상태에서 저체온증 상황이 무의식(GCS 3-8)로 이어짐
2,저체온증으로 인해 의식이 흐려지고 떨림이 동반된 상황 상태에서 저체온증 상황이 중등도 호흡곤란로 이어짐
2,화학물질 노출로 인해 피부 발진과 호흡 곤란이 발생한 상황 상태에서 저체온증 상황이 혈역학적 장애로 이어짐
2,전기 화상으로 인해 피부 손상과 근육 경련이 동반된 상황 상태에서 저체온증 상황이 의식변화(GCS 9-13)로 이어짐
2,독사에 물려 극심한 통증과 부종이 발생한 상황 상태에서 저체온증 상황이 면역억제 상태로 이어짐
2,열사병으로 인해 의식 저하와 탈수가 심화된 상황 상태에서 저체온증 상황이 패혈증 의증(3 SIRS 기준만족)로 이어짐
3,저체온증으로 인해 의식이 흐려지고 떨림이 동반된 상황 상태에서 저체온증 상황이 경증 호흡곤란로 이어짐
3,"화학물질 노출로 인해 피부 발진과 호흡 곤란이 발생한 상황 상태에서 저체온증 상황이 비정상 맥박수/맥박압 (혈역학적으로
안정)로 이어짐"
3,"전기 화상으로 인해 피부 손상과 근육 경련이 동반된 상황 상태에서 저체온증 상황이 아파보임,<3 SIRS 기준 만족로 이어짐"
2,"독사에 물려 극심한 통증과 부종이 발생한 상황 상태에서 저체온증 상황이 저체온증,중심체온<32℃로 이어짐"
3,열사병으로 인해 의식 저하와 탈수가 심화된 상황 상태에서 저체온증 상황이 중심체온 32-35℃로 이어짐
4,"저체온증으로 인해 의식이 흐려지고 떨림이 동반된 상황 상태에서 저체온증 상황이 동상없음, 정상 활력징후로 이어짐"
1,화학물질 노출로 인해 피부 발진과 호흡 곤란이 발생한 상황 상태에서 익수 상황이 중증 호흡곤란로 이어짐
1,전기 화상으로 인해 피부 손상과 근육 경련이 동반된 상황 상태에서 익수 상황이 쇼크로 이어짐
1,독사에 물려 극심한 통증과 부종이 발생한 상황 상태에서 익수 상황이 무의식(GCS 3-8)로 이어짐
2,열사병으로 인해 의식 저하와 탈수가 심화된 상황 상태에서 익수 상황이 중등도 호흡곤란로 이어짐
2,저체온증으로 인해 의식이 흐려지고 떨림이 동반된 상황 상태에서 익수 상황이 혈역학적 장애로 이어짐
2,화학물질 노출로 인해 피부 발진과 호흡 곤란이 발생한 상황 상태에서 익수 상황이 의식변화(GCS 9-13)로 이어짐
2,"전기 화상으로 인해 피부 손상과 근육 경련이 동반된 상황 상태에서 익수 상황이 열,면역억제 상태로 이어짐"
2,독사에 물려 극심한 통증과 부종이 발생한 상황 상태에서 익수 상황이 패혈증 의증(3 SIRS 기준만족)로 이어짐
3,열사병으로 인해 의식 저하와 탈수가 심화된 상황 상태에서 익수 상황이 경증 호흡곤란로 이어짐
3,"저체온증으로 인해 의식이 흐려지고 떨림이 동반된 상황 상태에서 익수 상황이 비정상 맥박수/맥박압 (혈역학적으로
안정)로 이어짐"
3,"화학물질 노출로 인해 피부 발진과 호흡 곤란이 발생한 상황 상태에서 익수 상황이 열(아파보임),<3 SIRS 기준 만족로 이어짐"
2,"전기 화상으로 인해 피부 손상과 근육 경련이 동반된 상황 상태에서 익수 상황이 저체온증,중심체온<32℃로 이어짐"
3,독사에 물려 극심한 통증과 부종이 발생한 상황 상태에서 익수 상황이 중심체온 32-35℃로 이어짐
1,피부와 관련된 응급 상황이 준비되지 않았습니다.
1,피부와 관련된 응급 상황이 준비되지 않았습니다.
1,피부와 관련된 응급 상황이 준비되지 않았습니다.
2,피부와 관련된 응급 상황이 준비되지 않았습니다.
2,피부와 관련된 응급 상황이 준비되지 않았습니다.
2,피부와 관련된 응급 상황이 준비되지 않았습니다.
2,피부와 관련된 응급 상황이 준비되지 않았습니다.
2,피부와 관련된 응급 상황이 준비되지 않았습니다.
3,피부와 관련된 응급 상황이 준비되지 않았습니다.
3,피부와 관련된 응급 상황이 준비되지 않았습니다.
3,피부와 관련된 응급 상황이 준비되지 않았습니다.
4,피부와 관련된 응급 상황이 준비되지 않았습니다.
3,피부와 관련된 응급 상황이 준비되지 않았습니다.
4,피부와 관련된 응급 상황이 준비되지 않았습니다.
등급,2단계와 관련된 응급 상황이 준비되지 않았습니다.
5,피부와 관련된 응급 상황이 준비되지 않았습니다.
2,피부와 관련된 응급 상황이 준비되지 않았습니다.
5,피부와 관련된 응급 상황이 준비되지 않았습니다.
1,피부와 관련된 응급 상황이 준비되지 않았습니다.
1,피부와 관련된 응급 상황이 준비되지 않았습니다.
1,피부와 관련된 응급 상황이 준비되지 않았습니다.
2,피부와 관련된 응급 상황이 준비되지 않았습니다.
2,피부와 관련된 응급 상황이 준비되지 않았습니다.
2,피부와 관련된 응급 상황이 준비되지 않았습니다.
2,피부와 관련된 응급 상황이 준비되지 않았습니다.
2,피부와 관련된 응급 상황이 준비되지 않았습니다.
3,피부와 관련된 응급 상황이 준비되지 않았습니다.
3,피부와 관련된 응급 상황이 준비되지 않았습니다.
3,피부와 관련된 응급 상황이 준비되지 않았습니다.
4,피부와 관련된 응급 상황이 준비되지 않았습니다.
3,피부와 관련된 응급 상황이 준비되지 않았습니다.
4,피부와 관련된 응급 상황이 준비되지 않았습니다.
5,피부와 관련된 응급 상황이 준비되지 않았습니다.
2,피부와 관련된 응급 상황이 준비되지 않았습니다.
5,피부와 관련된 응급 상황이 준비되지 않았습니다.
3,피부와 관련된 응급 상황이 준비되지 않았습니다.
4,피부와 관련된 응급 상황이 준비되지 않았습니다.
5,피부와 관련된 응급 상황이 준비되지 않았습니다.
4,피부와 관련된 응급 상황이 준비되지 않았습니다.
5,피부와 관련된 응급 상황이 준비되지 않았습니다.
1,피부와 관련된 응급 상황이 준비되지 않았습니다.
1,피부와 관련된 응급 상황이 준비되지 않았습니다.
1,피부와 관련된 응급 상황이 준비되지 않았습니다.
2,피부와 관련된 응급 상황이 준비되지 않았습니다.
2,피부와 관련된 응급 상황이 준비되지 않았습니다.
2,피부와 관련된 응급 상황이 준비되지 않았습니다.
2,피부와 관련된 응급 상황이 준비되지 않았습니다.
2,피부와 관련된 응급 상황이 준비되지 않았습니다.
3,피부와 관련된 응급 상황이 준비되지 않았습니다.
3,피부와 관련된 응급 상황이 준비되지 않았습니다.
3,피부와 관련된 응급 상황이 준비되지 않았습니다.
4,피부와 관련된 응급 상황이 준비되지 않았습니다.
2,피부와 관련된 응급 상황이 준비되지 않았습니다.
3,피부와 관련된 응급 상황이 준비되지 않았습니다.
3,피부와 관련된 응급 상황이 준비되지 않았습니다.
등급,2단계와 관련된 응급 상황이 준비되지 않았습니다.
4,피부와 관련된 응급 상황이 준비되지 않았습니다.
5,피부와 관련된 응급 상황이 준비되지 않았습니다.
2,피부와 관련된 응급 상황이 준비되지 않았습니다.
3,피부와 관련된 응급 상황이 준비되지 않았습니다.
4,피부와 관련된 응급 상황이 준비되지 않았습니다.
4,피부와 관련된 응급 상황이 준비되지 않았습니다.
5,피부와 관련된 응급 상황이 준비되지 않았습니다.
1,피부와 관련된 응급 상황이 준비되지 않았습니다.
1,피부와 관련된 응급 상황이 준비되지 않았습니다.
1,피부와 관련된 응급 상황이 준비되지 않았습니다.
2,피부와 관련된 응급 상황이 준비되지 않았습니다.
2,피부와 관련된 응급 상황이 준비되지 않았습니다.
2,피부와 관련된 응급 상황이 준비되지 않았습니다.
2,피부와 관련된 응급 상황이 준비되지 않았습니다.
2,피부와 관련된 응급 상황이 준비되지 않았습니다.
3,피부와 관련된 응급 상황이 준비되지 않았습니다.
3,피부와 관련된 응급 상황이 준비되지 않았습니다.
3,피부와 관련된 응급 상황이 준비되지 않았습니다.
4,피부와 관련된 응급 상황이 준비되지 않았습니다.
3,피부와 관련된 응급 상황이 준비되지 않았습니다.
4,피부와 관련된 응급 상황이 준비되지 않았습니다.
5,피부와 관련된 응급 상황이 준비되지 않았습니다.
2,피부와 관련된 응급 상황이 준비되지 않았습니다.
2,피부와 관련된 응급 상황이 준비되지 않았습니다.
3,피부와 관련된 응급 상황이 준비되지 않았습니다.
4,피부와 관련된 응급 상황이 준비되지 않았습니다.
5,피부와 관련된 응급 상황이 준비되지 않았습니다.
2,피부와 관련된 응급 상황이 준비되지 않았습니다.
3,피부와 관련된 응급 상황이 준비되지 않았습니다.
3,피부와 관련된 응급 상황이 준비되지 않았습니다.
3,피부와 관련된 응급 상황이 준비되지 않았습니다.
3,피부와 관련된 응급 상황이 준비되지 않았습니다.
4,피부와 관련된 응급 상황이 준비되지 않았습니다.
3,피부와 관련된 응급 상황이 준비되지 않았습니다.
4,피부와 관련된 응급 상황이 준비되지 않았습니다.
등급,2단계와 관련된 응급 상황이 준비되지 않았습니다.
5,피부와 관련된 응급 상황이 준비되지 않았습니다.
5,피부와 관련된 응급 상황이 준비되지 않았습니다.
3,피부와 관련된 응급 상황이 준비되지 않았습니다.
3,피부와 관련된 응급 상황이 준비되지 않았습니다.
3,피부와 관련된 응급 상황이 준비되지 않았습니다.
4,피부와 관련된 응급 상황이 준비되지 않았습니다.
3,피부와 관련된 응급 상황이 준비되지 않았습니다.
4,피부와 관련된 응급 상황이 준비되지 않았습니다.
5,피부와 관련된 응급 상황이 준비되지 않았습니다.
5,피부와 관련된 응급 상황이 준비되지 않았습니다.
3,피부와 관련된 응급 상황이 준비되지 않았습니다.
3,피부와 관련된 응급 상황이 준비되지 않았습니다.
3,피부와 관련된 응급 상황이 준비되지 않았습니다.
4,피부와 관련된 응급 상황이 준비되지 않았습니다.
3,피부와 관련된 응급 상황이 준비되지 않았습니다.
4,피부와 관련된 응급 상황이 준비되지 않았습니다.
5,피부와 관련된 응급 상황이 준비되지 않았습니다.
5,피부와 관련된 응급 상황이 준비되지 않았습니다.
2,피부와 관련된 응급 상황이 준비되지 않았습니다.
2,피부와 관련된 응급 상황이 준비되지 않았습니다.
2,피부와 관련된 응급 상황이 준비되지 않았습니다.
2,피부와 관련된 응급 상황이 준비되지 않았습니다.
2,피부와 관련된 응급 상황이 준비되지 않았습니다.
3,피부와 관련된 응급 상황이 준비되지 않았습니다.
3,피부와 관련된 응급 상황이 준비되지 않았습니다.
3,피부와 관련된 응급 상황이 준비되지 않았습니다.
4,피부와 관련된 응급 상황이 준비되지 않았습니다.
3,피부와 관련된 응급 상황이 준비되지 않았습니다.
4,피부와 관련된 응급 상황이 준비되지 않았습니다.
5,피부와 관련된 응급 상황이 준비되지 않았습니다.
2,피부와 관련된 응급 상황이 준비되지 않았습니다.
2,피부와 관련된 응급 상황이 준비되지 않았습니다.
4,피부와 관련된 응급 상황이 준비되지 않았습니다.
5,피부와 관련된 응급 상황이 준비되지 않았습니다.
2,피부와 관련된 응급 상황이 준비되지 않았습니다.
2,피부와 관련된 응급 상황이 준비되지 않았습니다.
2,피부와 관련된 응급 상황이 준비되지 않았습니다.
2,피부와 관련된 응급 상황이 준비되지 않았습니다.
2,피부와 관련된 응급 상황이 준비되지 않았습니다.
3,피부와 관련된 응급 상황이 준비되지 않았습니다.
3,피부와 관련된 응급 상황이 준비되지 않았습니다.
3,피부와 관련된 응급 상황이 준비되지 않았습니다.
4,피부와 관련된 응급 상황이 준비되지 않았습니다.
3,피부와 관련된 응급 상황이 준비되지 않았습니다.
4,피부와 관련된 응급 상황이 준비되지 않았습니다.
5,피부와 관련된 응급 상황이 준비되지 않았습니다.
1,피부와 관련된 응급 상황이 준비되지 않았습니다.
1,피부와 관련된 응급 상황이 준비되지 않았습니다.
1,피부와 관련된 응급 상황이 준비되지 않았습니다.
2,피부와 관련된 응급 상황이 준비되지 않았습니다.
2,피부와 관련된 응급 상황이 준비되지 않았습니다.
2,피부와 관련된 응급 상황이 준비되지 않았습니다.
2,피부와 관련된 응급 상황이 준비되지 않았습니다.
2,피부와 관련된 응급 상황이 준비되지 않았습니다.
3,피부와 관련된 응급 상황이 준비되지 않았습니다.
3,피부와 관련된 응급 상황이 준비되지 않았습니다.
3,피부와 관련된 응급 상황이 준비되지 않았습니다.
4,피부와 관련된 응급 상황이 준비되지 않았습니다.
3,피부와 관련된 응급 상황이 준비되지 않았습니다.
4,피부와 관련된 응급 상황이 준비되지 않았습니다.
5,피부와 관련된 응급 상황이 준비되지 않았습니다.
2,피부와 관련된 응급 상황이 준비되지 않았습니다.
2,피부와 관련된 응급 상황이 준비되지 않았습니다.
4,피부와 관련된 응급 상황이 준비되지 않았습니다.
5,피부와 관련된 응급 상황이 준비되지 않았습니다.
2,피부와 관련된 응급 상황이 준비되지 않았습니다.
2,피부와 관련된 응급 상황이 준비되지 않았습니다.
2,피부와 관련된 응급 상황이 준비되지 않았습니다.
2,피부와 관련된 응급 상황이 준비되지 않았습니다.
2,피부와 관련된 응급 상황이 준비되지 않았습니다.
3,피부와 관련된 응급 상황이 준비되지 않았습니다.
3,피부와 관련된 응급 상황이 준비되지 않았습니다.
3,피부와 관련된 응급 상황이 준비되지 않았습니다.
4,피부와 관련된 응급 상황이 준비되지 않았습니다.
3,피부와 관련된 응급 상황이 준비되지 않았습니다.
4,피부와 관련된 응급 상황이 준비되지 않았습니다.
5,피부와 관련된 응급 상황이 준비되지 않았습니다.
5,피부와 관련된 응급 상황이 준비되지 않았습니다.
3,피부와 관련된 응급 상황이 준비되지 않았습니다.
4,피부와 관련된 응급 상황이 준비되지 않았습니다.
5,피부와 관련된 응급 상황이 준비되지 않았습니다.
5,피부와 관련된 응급 상황이 준비되지 않았습니다.
1,피부와 관련된 응급 상황이 준비되지 않았습니다.
1,피부와 관련된 응급 상황이 준비되지 않았습니다.
1,피부와 관련된 응급 상황이 준비되지 않았습니다.
2,피부와 관련된 응급 상황이 준비되지 않았습니다.
2,피부와 관련된 응급 상황이 준비되지 않았습니다.
2,피부와 관련된 응급 상황이 준비되지 않았습니다.
2,피부와 관련된 응급 상황이 준비되지 않았습니다.
2,피부와 관련된 응급 상황이 준비되지 않았습니다.
3,피부와 관련된 응급 상황이 준비되지 않았습니다.
3,피부와 관련된 응급 상황이 준비되지 않았습니다.
3,피부와 관련된 응급 상황이 준비되지 않았습니다.
3,피부와 관련된 응급 상황이 준비되지 않았습니다.
1,피부와 관련된 응급 상황이 준비되지 않았습니다.
1,피부와 관련된 응급 상황이 준비되지 않았습니다.
1,피부와 관련된 응급 상황이 준비되지 않았습니다.
2,피부와 관련된 응급 상황이 준비되지 않았습니다.
2,피부와 관련된 응급 상황이 준비되지 않았습니다.
2,피부와 관련된 응급 상황이 준비되지 않았습니다.
2,피부와 관련된 응급 상황이 준비되지 않았습니다.
2,피부와 관련된 응급 상황이 준비되지 않았습니다.
3,피부와 관련된 응급 상황이 준비되지 않았습니다.
3,피부와 관련된 응급 상황이 준비되지 않았습니다.
3,피부와 관련된 응급 상황이 준비되지 않았습니다.
2,피부와 관련된 응급 상황이 준비되지 않았습니다.
3,피부와 관련된 응급 상황이 준비되지 않았습니다.
3,피부와 관련된 응급 상황이 준비되지 않았습니다.
3,피부와 관련된 응급 상황이 준비되지 않았습니다.
4,피부와 관련된 응급 상황이 준비되지 않았습니다.
5,피부와 관련된 응급 상황이 준비되지 않았습니다.
5,피부와 관련된 응급 상황이 준비되지 않았습니다.
3,피부와 관련된 응급 상황이 준비되지 않았습니다.
3,피부와 관련된 응급 상황이 준비되지 않았습니다.
3,피부와 관련된 응급 상황이 준비되지 않았습니다.
4,피부와 관련된 응급 상황이 준비되지 않았습니다.
3,피부와 관련된 응급 상황이 준비되지 않았습니다.
4,피부와 관련된 응급 상황이 준비되지 않았습니다.
5,피부와 관련된 응급 상황이 준비되지 않았습니다.
5,피부와 관련된 응급 상황이 준비되지 않았습니다.
5,일반와 관련된 응급 상황이 준비되지 않았습니다.
1,일반와 관련된 응급 상황이 준비되지 않았습니다.
1,일반와 관련된 응급 상황이 준비되지 않았습니다.
1,일반와 관련된 응급 상황이 준비되지 않았습니다.
2,일반와 관련된 응급 상황이 준비되지 않았습니다.
2,일반와 관련된 응급 상황이 준비되지 않았습니다.
2,일반와 관련된 응급 상황이 준비되지 않았습니다.
2,일반와 관련된 응급 상황이 준비되지 않았습니다.
2,일반와 관련된 응급 상황이 준비되지 않았습니다.
3,일반와 관련된 응급 상황이 준비되지 않았습니다.
3,일반와 관련된 응급 상황이 준비되지 않았습니다.
3,일반와 관련된 응급 상황이 준비되지 않았습니다.
4,일반와 관련된 응급 상황이 준비되지 않았습니다.
2,일반와 관련된 응급 상황이 준비되지 않았습니다.
4,일반와 관련된 응급 상황이 준비되지 않았습니다.
1,일반와 관련된 응급 상황이 준비되지 않았습니다.
1,일반와 관련된 응급 상황이 준비되지 않았습니다.
1,일반와 관련된 응급 상황이 준비되지 않았습니다.
2,일반와 관련된 응급 상황이 준비되지 않았습니다.
2,일반와 관련된 응급 상황이 준비되지 않았습니다.
2,일반와 관련된 응급 상황이 준비되지 않았습니다.
2,일반와 관련된 응급 상황이 준비되지 않았습니다.
2,일반와 관련된 응급 상황이 준비되지 않았습니다.
3,일반와 관련된 응급 상황이 준비되지 않았습니다.
3,일반와 관련된 응급 상황이 준비되지 않았습니다.
3,일반와 관련된 응급 상황이 준비되지 않았습니다.
2,일반와 관련된 응급 상황이 준비되지 않았습니다.
3,일반와 관련된 응급 상황이 준비되지 않았습니다.
1,일반와 관련된 응급 상황이 준비되지 않았습니다.
1,일반와 관련된 응급 상황이 준비되지 않았습니다.
1,일반와 관련된 응급 상황이 준비되지 않았습니다.
2,일반와 관련된 응급 상황이 준비되지 않았습니다.
2,일반와 관련된 응급 상황이 준비되지 않았습니다.
2,일반와 관련된 응급 상황이 준비되지 않았습니다.
2,일반와 관련된 응급 상황이 준비되지 않았습니다.
2,일반와 관련된 응급 상황이 준비되지 않았습니다.
3,일반와 관련된 응급 상황이 준비되지 않았습니다.
3,일반와 관련된 응급 상황이 준비되지 않았습니다.
3,일반와 관련된 응급 상황이 준비되지 않았습니다.
2,일반와 관련된 응급 상황이 준비되지 않았습니다.
3,일반와 관련된 응급 상황이 준비되지 않았습니다.
1,일반와 관련된 응급 상황이 준비되지 않았습니다.
1,일반와 관련된 응급 상황이 준비되지 않았습니다.
1,일반와 관련된 응급 상황이 준비되지 않았습니다.
2,일반와 관련된 응급 상황이 준비되지 않았습니다.
2,일반와 관련된 응급 상황이 준비되지 않았습니다.
2,일반와 관련된 응급 상황이 준비되지 않았습니다.
2,일반와 관련된 응급 상황이 준비되지 않았습니다.
2,일반와 관련된 응급 상황이 준비되지 않았습니다.
3,일반와 관련된 응급 상황이 준비되지 않았습니다.
3,일반와 관련된 응급 상황이 준비되지 않았습니다.
3,일반와 관련된 응급 상황이 준비되지 않았습니다.
4,일반와 관련된 응급 상황이 준비되지 않았습니다.
2,일반와 관련된 응급 상황이 준비되지 않았습니다.
3,일반와 관련된 응급 상황이 준비되지 않았습니다.
3,일반와 관련된 응급 상황이 준비되지 않았습니다.
3,일반와 관련된 응급 상황이 준비되지 않았습니다.
4,일반와 관련된 응급 상황이 준비되지 않았습니다.
4,일반와 관련된 응급 상황이 준비되지 않았습니다.
4,일반와 관련된 응급 상황이 준비되지 않았습니다.
4,일반와 관련된 응급 상황이 준비되지 않았습니다.
5,일반와 관련된 응급 상황이 준비되지 않았습니다.
5,일반와 관련된 응급 상황이 준비되지 않았습니다.
5,일반와 관련된 응급 상황이 준비되지 않았습니다.
5,일반와 관련된 응급 상황이 준비되지 않았습니다.
3,일반와 관련된 응급 상황이 준비되지 않았습니다.
3,일반와 관련된 응급 상황이 준비되지 않았습니다.
3,일반와 관련된 응급 상황이 준비되지 않았습니다.
4,일반와 관련된 응급 상황이 준비되지 않았습니다.
3,일반와 관련된 응급 상황이 준비되지 않았습니다.
4,일반와 관련된 응급 상황이 준비되지 않았습니다.
5,일반와 관련된 응급 상황이 준비되지 않았습니다.
5,일반와 관련된 응급 상황이 준비되지 않았습니다.
5,일반와 관련된 응급 상황이 준비되지 않았습니다.
1,일반와 관련된 응급 상황이 준비되지 않았습니다.
1,일반와 관련된 응급 상황이 준비되지 않았습니다.
1,일반와 관련된 응급 상황이 준비되지 않았습니다.
2,일반와 관련된 응급 상황이 준비되지 않았습니다.
2,일반와 관련된 응급 상황이 준비되지 않았습니다.
2,일반와 관련된 응급 상황이 준비되지 않았습니다.
2,일반와 관련된 응급 상황이 준비되지 않았습니다.
2,일반와 관련된 응급 상황이 준비되지 않았습니다.
3,일반와 관련된 응급 상황이 준비되지 않았습니다.
3,일반와 관련된 응급 상황이 준비되지 않았습니다.
3,일반와 관련된 응급 상황이 준비되지 않았습니다.
4,일반와 관련된 응급 상황이 준비되지 않았습니다.
2,일반와 관련된 응급 상황이 준비되지 않았습니다.
3,일반와 관련된 응급 상황이 준비되지 않았습니다.
3,일반와 관련된 응급 상황이 준비되지 않았습니다.
4,일반와 관련된 응급 상황이 준비되지 않았습니다.
4,일반와 관련된 응급 상황이 준비되지 않았습니다.
4,일반와 관련된 응급 상황이 준비되지 않았습니다.
5,일반와 관련된 응급 상황이 준비되지 않았습니다.
3,일반와 관련된 응급 상황이 준비되지 않았습니다.
4,일반와 관련된 응급 상황이 준비되지 않았습니다.
3,일반와 관련된 응급 상황이 준비되지 않았습니다.
4,일반와 관련된 응급 상황이 준비되지 않았습니다.
5,일반와 관련된 응급 상황이 준비되지 않았습니다.
2,일반와 관련된 응급 상황이 준비되지 않았습니다.
5,일반와 관련된 응급 상황이 준비되지 않았습니다.
1,일반와 관련된 응급 상황이 준비되지 않았습니다.
1,일반와 관련된 응급 상황이 준비되지 않았습니다.
1,일반와 관련된 응급 상황이 준비되지 않았습니다.
2,일반와 관련된 응급 상황이 준비되지 않았습니다.
2,일반와 관련된 응급 상황이 준비되지 않았습니다.
2,일반와 관련된 응급 상황이 준비되지 않았습니다.
2,일반와 관련된 응급 상황이 준비되지 않았습니다.
2,일반와 관련된 응급 상황이 준비되지 않았습니다.
3,일반와 관련된 응급 상황이 준비되지 않았습니다.
3,일반와 관련된 응급 상황이 준비되지 않았습니다.
3,일반와 관련된 응급 상황이 준비되지 않았습니다.
4,일반와 관련된 응급 상황이 준비되지 않았습니다.
2,일반와 관련된 응급 상황이 준비되지 않았습니다.
3,일반와 관련된 응급 상황이 준비되지 않았습니다.
3,일반와 관련된 응급 상황이 준비되지 않았습니다.
5,일반와 관련된 응급 상황이 준비되지 않았습니다.
1,일반와 관련된 응급 상황이 준비되지 않았습니다.
1,일반와 관련된 응급 상황이 준비되지 않았습니다.
1,일반와 관련된 응급 상황이 준비되지 않았습니다.
2,일반와 관련된 응급 상황이 준비되지 않았습니다.
2,일반와 관련된 응급 상황이 준비되지 않았습니다.
2,일반와 관련된 응급 상황이 준비되지 않았습니다.
2,일반와 관련된 응급 상황이 준비되지 않았습니다.
2,일반와 관련된 응급 상황이 준비되지 않았습니다.
3,일반와 관련된 응급 상황이 준비되지 않았습니다.
3,일반와 관련된 응급 상황이 준비되지 않았습니다.
4,일반와 관련된 응급 상황이 준비되지 않았습니다.
3,일반와 관련된 응급 상황이 준비되지 않았습니다.
2,일반와 관련된 응급 상황이 준비되지 않았습니다.
3,일반와 관련된 응급 상황이 준비되지 않았습니다.
4,일반와 관련된 응급 상황이 준비되지 않았습니다.
2,일반와 관련된 응급 상황이 준비되지 않았습니다.
2,일반와 관련된 응급 상황이 준비되지 않았습니다.
2,일반와 관련된 응급 상황이 준비되지 않았습니다.
2,일반와 관련된 응급 상황이 준비되지 않았습니다.
2,일반와 관련된 응급 상황이 준비되지 않았습니다.
3,일반와 관련된 응급 상황이 준비되지 않았습니다.
3,일반와 관련된 응급 상황이 준비되지 않았습니다.
3,일반와 관련된 응급 상황이 준비되지 않았습니다.
4,일반와 관련된 응급 상황이 준비되지 않았습니다.
2,일반와 관련된 응급 상황이 준비되지 않았습니다.
2,일반와 관련된 응급 상황이 준비되지 않았습니다.
3,일반와 관련된 응급 상황이 준비되지 않았습니다.
3,일반와 관련된 응급 상황이 준비되지 않았습니다.
3,일반와 관련된 응급 상황이 준비되지 않았습니다.
4,일반와 관련된 응급 상황이 준비되지 않았습니다.
4,일반와 관련된 응급 상황이 준비되지 않았습니다.
2,일반와 관련된 응급 상황이 준비되지 않았습니다.
2,일반와 관련된 응급 상황이 준비되지 않았습니다.
2,일반와 관련된 응급 상황이 준비되지 않았습니다.
2,일반와 관련된 응급 상황이 준비되지 않았습니다.
2,일반와 관련된 응급 상황이 준비되지 않았습니다.
3,일반와 관련된 응급 상황이 준비되지 않았습니다.
3,일반와 관련된 응급 상황이 준비되지 않았습니다.
3,일반와 관련된 응급 상황이 준비되지 않았습니다.
4,일반와 관련된 응급 상황이 준비되지 않았습니다.
2,일반와 관련된 응급 상황이 준비되지 않았습니다.
3,일반와 관련된 응급 상황이 준비되지 않았습니다.
3,일반와 관련된 응급 상황이 준비되지 않았습니다.
3,일반와 관련된 응급 상황이 준비되지 않았습니다.
4,일반와 관련된 응급 상황이 준비되지 않았습니다.
4,일반와 관련된 응급 상황이 준비되지 않았습니다.
4,일반와 관련된 응급 상황이 준비되지 않았습니다.
4,일반와 관련된 응급 상황이 준비되지 않았습니다.
5,일반와 관련된 응급 상황이 준비되지 않았습니다.
5,일반와 관련된 응급 상황이 준비되지 않았습니다.
5,일반와 관련된 응급 상황이 준비되지 않았습니다.
5,일반와 관련된 응급 상황이 준비되지 않았습니다.
